Cadence Genus(TM) Synthesis Solution.
Copyright 2022 Cadence Design Systems, Inc. All rights reserved worldwide.
Cadence and the Cadence logo are registered trademarks and Genus is a trademark
of Cadence Design Systems, Inc. in the United States and other countries.

[18:39:18.400369] Configured Lic search path (21.01-s002): 5280@10.110.5.59

Version: 21.14-s082_1, built Thu Jun 23 02:02:08 PDT 2022
Options: -files genus.tcl 
Date:    Fri Jul 24 18:39:18 2026
Host:    cadence-server.vit.ac.in (x86_64 w/Linux 4.18.0-477.21.1.el8_8.x86_64) (16cores*32cpus*1physical cpu*Intel(R) Xeon(R) Gold 6346 CPU @ 3.10GHz 36864KB) (1055760632KB)
PID:     3591765
OS:      Red Hat Enterprise Linux release 8.8 (Ootpa)


[18:39:18.058834] Periodic Lic check successful
[18:39:18.058840] Feature usage summary:
[18:39:18.058840] Genus_Synthesis
Checking out license: Genus_Synthesis


***********************************************************************************************************
***********************************************************************************************************



Loading tool scripts...
Finished loading tool scripts (27 seconds elapsed).

WARNING: The genus.tcl file in the current directory /home/userdata/22bec0039/sha256/synthesis is no longer loaded at startup.
         You should change the name to genus_startup.tcl if you want it loaded at startup.
#@ Processing -files option
@genus 1> source genus.tcl
#@ Begin verbose source ./genus.tcl
@file(genus.tcl) 1: set RTL_PATH		"../rtl/"
@file(genus.tcl) 2: set LIB_PATH 		"../lib/"
@file(genus.tcl) 3: set LEF_PATH		"../lef/scaled/"
@file(genus.tcl) 4: set TLEF_PATH		"../techlef/"
@file(genus.tcl) 5: set QRC_PATH 		"../qrc/"
@file(genus.tcl) 6: set DESIGN 		"sha256"
@file(genus.tcl) 8: set LIB_LIST {  asap7sc7p5t_AO_LVT_TT_nldm_211120.lib   asap7sc7p5t_INVBUF_LVT_TT_nldm_220122.lib   asap7sc7p5t_OA_LVT_TT_nldm_211120.lib   asap7sc7p5t_SEQ_LVT_TT_nldm_220123.lib   asap7sc7p5t_SIMPLE_LVT_TT_nldm_211120.lib }
@file(genus.tcl) 10: set LEF_LIST { asap7_tech_4x_201209.lef asap7sc7p5t_28_L_4x_220121a.lef asap7sc7p5t_28_R_4x_220121a.lef asap7sc7p5t_28_SL_4x_220121a.lef}
@file(genus.tcl) 12: set QRC_FILE "qrcTechFile_typ03_scaled4xV06"
@file(genus.tcl) 14: set RTL_LIST {sha256.v sha256_core.v sha256_k_constants.v sha256_w_mem.v}
@file(genus.tcl) 16: set_db init_lib_search_path "$LIB_PATH $LEF_PATH $TLEF_PATH"
  Setting attribute of root '/': 'init_lib_search_path' = ../lib/ ../lef/scaled/ ../techlef/
@file(genus.tcl) 17: set_db init_hdl_search_path $RTL_PATH 
  Setting attribute of root '/': 'init_hdl_search_path' = ../rtl/
@file(genus.tcl) 18: set_db / .library "$LIB_LIST"

Threads Configured:8
Info    : Created nominal operating condition. [LBR-412]
        : Operating condition '_nominal_' was created for the PVT values (1.000000, 0.700000, 25.000000) in library 'asap7sc7p5t_AO_LVT_TT_nldm_211120.lib'.
        : The nominal operating condition is represented, either by the nominal PVT values specified in the library source (via nom_process,nom_voltage and nom_temperature respectively), or by the default PVT values (1.0,1.0,1.0).
Info    : Created nominal operating condition. [LBR-412]
        : Operating condition '_nominal_' was created for the PVT values (1.000000, 0.700000, 25.000000) in library 'asap7sc7p5t_INVBUF_LVT_TT_nldm_220122.lib'.
Info    : Created nominal operating condition. [LBR-412]
        : Operating condition '_nominal_' was created for the PVT values (1.000000, 0.700000, 25.000000) in library 'asap7sc7p5t_OA_LVT_TT_nldm_211120.lib'.
Info    : Created nominal operating condition. [LBR-412]
        : Operating condition '_nominal_' was created for the PVT values (1.000000, 0.700000, 25.000000) in library 'asap7sc7p5t_SEQ_LVT_TT_nldm_220123.lib'.
Info    : Created nominal operating condition. [LBR-412]
        : Operating condition '_nominal_' was created for the PVT values (1.000000, 0.700000, 25.000000) in library 'asap7sc7p5t_SIMPLE_LVT_TT_nldm_211120.lib'.
  Setting attribute of root '/': 'library' =   asap7sc7p5t_AO_LVT_TT_nldm_211120.lib   asap7sc7p5t_INVBUF_LVT_TT_nldm_220122.lib   asap7sc7p5t_OA_LVT_TT_nldm_211120.lib   asap7sc7p5t_SEQ_LVT_TT_nldm_220123.lib   asap7sc7p5t_SIMPLE_LVT_TT_nldm_211120.lib 
@file(genus.tcl) 19: set_db lef_library "$LEF_LIST"
Info    : Via with no resistance will have a value of '0.0' assigned for resistance value. [PHYS-129]
        : Via 'VIA9Pad' has no resistance value.
        : If this is the expected behavior, this message can be ignored.
Info    : Via with no resistance will have a value of '0.0' assigned for resistance value. [PHYS-129]
        : Via 'VIA89' has no resistance value.
Info    : Via with no resistance will have a value of '0.0' assigned for resistance value. [PHYS-129]
        : Via 'VIA78' has no resistance value.
Info    : Via with no resistance will have a value of '0.0' assigned for resistance value. [PHYS-129]
        : Via 'VIA67' has no resistance value.
Info    : Via with no resistance will have a value of '0.0' assigned for resistance value. [PHYS-129]
        : Via 'VIA56' has no resistance value.
Info    : Via with no resistance will have a value of '0.0' assigned for resistance value. [PHYS-129]
        : Via 'VIA45' has no resistance value.
Info    : Via with no resistance will have a value of '0.0' assigned for resistance value. [PHYS-129]
        : Via 'VIA34' has no resistance value.
Info    : Via with no resistance will have a value of '0.0' assigned for resistance value. [PHYS-129]
        : Via 'VIA23' has no resistance value.
Info    : Via with no resistance will have a value of '0.0' assigned for resistance value. [PHYS-129]
        : Via 'VIA12' has no resistance value.
Warning : Site already defined before, duplicated site will be ignored. [PHYS-106]
        : Site 'asap7sc7p5t' read already, this site in file '/home/userdata/22bec0039/sha256/synthesis/../lef/scaled//asap7sc7p5t_28_R_4x_220121a.lef' is ignored.
Warning : Site already defined before, duplicated site will be ignored. [PHYS-106]
        : Site 'asap7sc7p5t' read already, this site in file '/home/userdata/22bec0039/sha256/synthesis/../lef/scaled//asap7sc7p5t_28_SL_4x_220121a.lef' is ignored.

  According to lef_library, there are total 10 routing layers [ V(5) / H(5) ]

Warning : Missing wire parameter. [PHYS-15]
        : 'EDGECAPACITANCE' parameter is missing for layer 'M1' [line 144 in file /home/userdata/22bec0039/sha256/synthesis/../techlef//asap7_tech_4x_201209.lef]
        : Check the wire parameter in LEF technology files.
Warning : Missing wire parameter. [PHYS-15]
        : 'EDGECAPACITANCE' parameter is missing for layer 'M2' [line 215 in file /home/userdata/22bec0039/sha256/synthesis/../techlef//asap7_tech_4x_201209.lef]
Warning : Missing wire parameter. [PHYS-15]
        : 'EDGECAPACITANCE' parameter is missing for layer 'M3' [line 279 in file /home/userdata/22bec0039/sha256/synthesis/../techlef//asap7_tech_4x_201209.lef]
Warning : Missing wire parameter. [PHYS-15]
        : 'EDGECAPACITANCE' parameter is missing for layer 'M4' [line 375 in file /home/userdata/22bec0039/sha256/synthesis/../techlef//asap7_tech_4x_201209.lef]
Warning : Missing wire parameter. [PHYS-15]
        : 'EDGECAPACITANCE' parameter is missing for layer 'M5' [line 476 in file /home/userdata/22bec0039/sha256/synthesis/../techlef//asap7_tech_4x_201209.lef]
Warning : Missing wire parameter. [PHYS-15]
        : 'EDGECAPACITANCE' parameter is missing for layer 'M6' [line 581 in file /home/userdata/22bec0039/sha256/synthesis/../techlef//asap7_tech_4x_201209.lef]
Warning : Missing wire parameter. [PHYS-15]
        : 'EDGECAPACITANCE' parameter is missing for layer 'M7' [line 679 in file /home/userdata/22bec0039/sha256/synthesis/../techlef//asap7_tech_4x_201209.lef]
Warning : Missing wire parameter. [PHYS-15]
        : 'EDGECAPACITANCE' parameter is missing for layer 'M8' [line 707 in file /home/userdata/22bec0039/sha256/synthesis/../techlef//asap7_tech_4x_201209.lef]
Warning : Missing wire parameter. [PHYS-15]
        : 'EDGECAPACITANCE' parameter is missing for layer 'M9' [line 734 in file /home/userdata/22bec0039/sha256/synthesis/../techlef//asap7_tech_4x_201209.lef]
Warning : Missing wire parameter. [PHYS-15]
        : 'EDGECAPACITANCE' parameter is missing for layer 'Pad' [line 761 in file /home/userdata/22bec0039/sha256/synthesis/../techlef//asap7_tech_4x_201209.lef]
Warning : Missing wire parameter. [PHYS-15]
        : 'CPERSQDIST' parameter is missing for layer 'M1' [line 144 in file /home/userdata/22bec0039/sha256/synthesis/../techlef//asap7_tech_4x_201209.lef]
Warning : Missing wire parameter. [PHYS-15]
        : 'CPERSQDIST' parameter is missing for layer 'M2' [line 215 in file /home/userdata/22bec0039/sha256/synthesis/../techlef//asap7_tech_4x_201209.lef]
Warning : Missing wire parameter. [PHYS-15]
        : 'CPERSQDIST' parameter is missing for layer 'M3' [line 279 in file /home/userdata/22bec0039/sha256/synthesis/../techlef//asap7_tech_4x_201209.lef]
Warning : Missing wire parameter. [PHYS-15]
        : 'CPERSQDIST' parameter is missing for layer 'M4' [line 375 in file /home/userdata/22bec0039/sha256/synthesis/../techlef//asap7_tech_4x_201209.lef]
Warning : Missing wire parameter. [PHYS-15]
        : 'CPERSQDIST' parameter is missing for layer 'M5' [line 476 in file /home/userdata/22bec0039/sha256/synthesis/../techlef//asap7_tech_4x_201209.lef]
Warning : Missing wire parameter. [PHYS-15]
        : 'CPERSQDIST' parameter is missing for layer 'M6' [line 581 in file /home/userdata/22bec0039/sha256/synthesis/../techlef//asap7_tech_4x_201209.lef]
Warning : Missing wire parameter. [PHYS-15]
        : 'CPERSQDIST' parameter is missing for layer 'M7' [line 679 in file /home/userdata/22bec0039/sha256/synthesis/../techlef//asap7_tech_4x_201209.lef]
Warning : Missing wire parameter. [PHYS-15]
        : 'CPERSQDIST' parameter is missing for layer 'M8' [line 707 in file /home/userdata/22bec0039/sha256/synthesis/../techlef//asap7_tech_4x_201209.lef]
Warning : Missing wire parameter. [PHYS-15]
        : 'CPERSQDIST' parameter is missing for layer 'M9' [line 734 in file /home/userdata/22bec0039/sha256/synthesis/../techlef//asap7_tech_4x_201209.lef]
Warning : Missing wire parameter. [PHYS-15]
        : 'CPERSQDIST' parameter is missing for layer 'Pad' [line 761 in file /home/userdata/22bec0039/sha256/synthesis/../techlef//asap7_tech_4x_201209.lef]
Warning : Maximum message print count reached. [MESG-11]
        : Maximum print count of '20' reached for message 'PHYS-15'.
Warning : The variant range of wire parameters is too large. An example of wire parameters are, a WIDTH for layer, PITCH for layer, MINSPACING for layers, etc. [PHYS-12]
        : The variant range (0.072, 8) of 'WIDTH' for layers 'M3' and 'Pad' is too large.
        : Check the consistency of the parameters, and see if you can ignore this message or you're using different LEF file with wrong parameters.
Warning : The value of the wire parameter is too big. [PHYS-13]
        : The 'WIDTH: 8' of layer 'Pad' is much bigger than others.
        : Check the consistency of the specified wire parameter.
Warning : The variant range of wire parameters is too large. An example of wire parameters are, a WIDTH for layer, PITCH for layer, MINSPACING for layers, etc. [PHYS-12]
        : The variant range (0.144, 16) of 'PITCH' for layers 'M1' and 'Pad' is too large.
Warning : The value of the wire parameter is too big. [PHYS-13]
        : The 'PITCH: 16' of layer 'Pad' is much bigger than others.
Warning : The variant range of wire parameters is too large. An example of wire parameters are, a WIDTH for layer, PITCH for layer, MINSPACING for layers, etc. [PHYS-12]
        : The variant range (0.012, 8) of 'OFFSET' for layers 'M4' and 'Pad' is too large.
Warning : The value of the wire parameter is too big. [PHYS-13]
        : The 'OFFSET: 8' of layer 'Pad' is much bigger than others.
Warning : The value of the wire parameter is too small. [PHYS-14]
        : The 'OFFSET: 0.012' of layer 'M4' is much less than others.
        : Check the consistency of the specified wire parameter.
Warning : The value of the wire parameter is too small. [PHYS-14]
        : The 'OFFSET: 0.012' of layer 'M4' is much less than others.
Warning : The value of the wire parameter is too small. [PHYS-14]
        : The 'OFFSET: 0.012' of layer 'M4' is much less than others.
Warning : The value of the wire parameter is too small. [PHYS-14]
        : The 'OFFSET: 0.012' of layer 'M4' is much less than others.
Warning : The variant range of wire parameters is too large. An example of wire parameters are, a WIDTH for layer, PITCH for layer, MINSPACING for layers, etc. [PHYS-12]
        : The variant range (0.072, 8) of 'MINSPACING' for layers 'M1' and 'Pad' is too large.
Warning : The value of the wire parameter is too big. [PHYS-13]
        : The 'MINSPACING: 8' of layer 'Pad' is much bigger than others.
  Libraries have 167 usable logic and 23 usable sequential lib-cells.
Warning : Physical cell not defined in library. [PHYS-279]
        : The physical (LEF) cell DECAPx10_ASAP7_75t_L cannot be found in library.
        : Ensure that the proper library files are available and have been imported.
Warning : Physical cell not defined in library. [PHYS-279]
        : The physical (LEF) cell DECAPx1_ASAP7_75t_L cannot be found in library.
Warning : Physical cell not defined in library. [PHYS-279]
        : The physical (LEF) cell DECAPx2_ASAP7_75t_L cannot be found in library.
Warning : Physical cell not defined in library. [PHYS-279]
        : The physical (LEF) cell DECAPx2b_ASAP7_75t_L cannot be found in library.
Warning : Physical cell not defined in library. [PHYS-279]
        : The physical (LEF) cell DECAPx4_ASAP7_75t_L cannot be found in library.
Warning : Physical cell not defined in library. [PHYS-279]
        : The physical (LEF) cell DECAPx6_ASAP7_75t_L cannot be found in library.
Warning : Physical cell not defined in library. [PHYS-279]
        : The physical (LEF) cell FILLER_ASAP7_75t_L cannot be found in library.
Warning : Physical cell not defined in library. [PHYS-279]
        : The physical (LEF) cell FILLERxp5_ASAP7_75t_L cannot be found in library.
Warning : Physical cell not defined in library. [PHYS-279]
        : The physical (LEF) cell TAPCELL_ASAP7_75t_L cannot be found in library.
Warning : Physical cell not defined in library. [PHYS-279]
        : The physical (LEF) cell TAPCELL_WITH_FILLER_ASAP7_75t_L cannot be found in library.
Warning : Physical cell not defined in library. [PHYS-279]
        : The physical (LEF) cell A2O1A1Ixp33_ASAP7_75t_R cannot be found in library.
Warning : Physical cell not defined in library. [PHYS-279]
        : The physical (LEF) cell A2O1A1O1Ixp25_ASAP7_75t_R cannot be found in library.
Warning : Physical cell not defined in library. [PHYS-279]
        : The physical (LEF) cell AND2x2_ASAP7_75t_R cannot be found in library.
Warning : Physical cell not defined in library. [PHYS-279]
        : The physical (LEF) cell AND2x4_ASAP7_75t_R cannot be found in library.
Warning : Physical cell not defined in library. [PHYS-279]
        : The physical (LEF) cell AND2x6_ASAP7_75t_R cannot be found in library.
Warning : Physical cell not defined in library. [PHYS-279]
        : The physical (LEF) cell AND3x1_ASAP7_75t_R cannot be found in library.
Warning : Physical cell not defined in library. [PHYS-279]
        : The physical (LEF) cell AND3x2_ASAP7_75t_R cannot be found in library.
Warning : Physical cell not defined in library. [PHYS-279]
        : The physical (LEF) cell AND3x4_ASAP7_75t_R cannot be found in library.
Warning : Physical cell not defined in library. [PHYS-279]
        : The physical (LEF) cell AND4x1_ASAP7_75t_R cannot be found in library.
Warning : Physical cell not defined in library. [PHYS-279]
        : The physical (LEF) cell AND4x2_ASAP7_75t_R cannot be found in library.
Warning : Maximum message print count reached. [MESG-11]
        : Maximum print count of '20' reached for message 'PHYS-279'.
  Setting attribute of root '/': 'lef_library' = /home/userdata/22bec0039/sha256/synthesis/../techlef//asap7_tech_4x_201209.lef /home/userdata/22bec0039/sha256/synthesis/../lef/scaled//asap7sc7p5t_28_L_4x_220121a.lef /home/userdata/22bec0039/sha256/synthesis/../lef/scaled//asap7sc7p5t_28_R_4x_220121a.lef /home/userdata/22bec0039/sha256/synthesis/../lef/scaled//asap7sc7p5t_28_SL_4x_220121a.lef
@file(genus.tcl) 20: set_db qrc_tech_file "$QRC_PATH/$QRC_FILE"

  According to qrc_tech_file, there are total 10 routing layers [ V(5) / H(5) ]

Warning : Minimum width of layer in LEF does not match minimum width of layer in cap table. [PHYS-25]
        : After applying shrink factor, minimum width of layer 'M1' in lef is '0.072', minimum width of layer 'LISD' in technology file is '0.1'.
        : Compare the layer MinWidth of the cap_table_file with the MinWidth (WIDTH) of the corresponding layer in LEF. Set the attribute 'shrink_factor' to adjust the MinWidth layer value in the captable file
Warning : Minimum width of layer in LEF does not match minimum width of layer in cap table. [PHYS-25]
        : After applying shrink factor, minimum width of layer 'M4' in lef is '0.096', minimum width of layer 'M3' in technology file is '0.072'.
Warning : Minimum width of layer in LEF does not match minimum width of layer in cap table. [PHYS-25]
        : After applying shrink factor, minimum width of layer 'M6' in lef is '0.128', minimum width of layer 'M5' in technology file is '0.096'.
Warning : Minimum width of layer in LEF does not match minimum width of layer in cap table. [PHYS-25]
        : After applying shrink factor, minimum width of layer 'M8' in lef is '0.16', minimum width of layer 'M7' in technology file is '0.128'.
Warning : Minimum width of layer in LEF does not match minimum width of layer in cap table. [PHYS-25]
        : After applying shrink factor, minimum width of layer 'Pad' in lef is '8', minimum width of layer 'M9' in technology file is '0.16'.
  Setting attribute of root '/': 'qrc_tech_file' = /home/userdata/22bec0039/sha256/synthesis/../qrc//qrcTechFile_typ03_scaled4xV06
@file(genus.tcl) 22: read_hdl ${RTL_LIST}
@file(genus.tcl) 23: elaborate $DESIGN
Info    : Elaborating Design. [ELAB-1]
        : Elaborating top-level block 'sha256' from file '../rtl/sha256.v'.
Info    : Done Elaborating Design. [ELAB-3]
        : Done elaborating 'sha256'.
Checking for analog nets...
Check completed for analog nets.
Checking for source RTL...
Check completed for source RTL.
Running Unified Mux Engine Tricks...
Completed Unified Mux Engine Tricks

Stage: post_elab
--------------------------------------------------------
| Trick             | Accepts | Rejects | Runtime (ms) | 
--------------------------------------------------------
| ume_constant_bmux |       0 |       0 |         0.00 | 
--------------------------------------------------------
Starting clip mux common data inputs [v1.0] (stage: post_elab, startdef: sha256, recur: true)
Completed clip mux common data inputs (accepts: 0, rejects: 0, runtime: 0.000s)
Starting clip the non-user hierarchies [v2.0] (stage: post_elab, startdef: sha256, recur: true)
Completed clip the non-user hierarchies (accepts: 0, rejects: 0, runtime: 0.000s)

Stage: post_elab
---------------------------------------------------------
| Transform          | Accepts | Rejects | Runtime (ms) | 
---------------------------------------------------------
| hlo_clip_mux_input |       0 |       0 |         0.00 | 
| hlo_clip           |       0 |       0 |         0.00 | 
---------------------------------------------------------
UM:   flow.cputime  flow.realtime  timing.setup.tns  timing.setup.wns  snapshot
UM:*                                                                   elaborate
@file(genus.tcl) 24: create_clock -name "clk" -period 1000 [get_ports clk]
@file(genus.tcl) 25: syn_generic

Stage: pre_early_cg
------------------------------------------------
| Transform | Accepts | Rejects | Runtime (ms) | 
------------------------------------------------
------------------------------------------------
##Generic Timing Info for library domain: _default_ typical gate delay: 20.2 ps std_slew: 4.3 ps std_load: 1.0 fF
Starting mux data reorder optimization [v1.0] (stage: pre_to_gen_setup, startdef: sha256, recur: true)
Completed mux data reorder optimization (accepts: 0, rejects: 0, runtime: 0.001s)

Stage: pre_to_gen_setup
------------------------------------------------------
| Transform       | Accepts | Rejects | Runtime (ms) | 
------------------------------------------------------
| hlo_mux_reorder |       0 |       0 |         1.00 | 
------------------------------------------------------
Info    : Deleting instances not driving any primary outputs. [GLO-34]
        : Deleting 17 hierarchical instances.
        : Optimizations such as constant propagation or redundancy removal could change the connections so a hierarchical instance does not drive any primary outputs anymore. To see the list of deleted hierarchical instances, set the 'information_level' attribute to 2 or above. If the message is truncated set the message attribute 'truncate' to false to see the complete list. To prevent this optimization, set the 'delete_unloaded_insts' root/subdesign attribute to 'false' or 'preserve' instance attribute to 'true'.
Current PLE settings:

Aspect ratio        : 1.000
Shrink factor       : 1.000
Scale of res/length : 1.000
Scale of cap/length : 1.000
Net derating factor : 1.000
Thermal factor      : 1.000
Via Resistance      : 10.000 ohm (from qrc_tech_file)
Site size           : 1.224 um (from lef [tech+cell])

                                   Capacitance    
  Layer                             / Length           Data source:
Name        Direction Utilization  (pF/micron)         qrc_tech_file
--------------------------------------------------
LISD            V         0.00        0.000041    
M1              H         1.00        0.000054    
M2              V         1.00        0.000051    
M3              H         1.00        0.000050    
M4              V         1.00        0.000053    
M5              H         1.00        0.000052    
M6              V         1.00        0.000053    
M7              H         1.00        0.000052    
M8              V         1.00        0.000054    
M9              H         1.00        0.000052 ** 

** = 'M9' is dropped because its width (8) is too large (threshold 2)

                                    Resistance     
  Layer                              / Length           Data source:
Name        Direction Utilization  (ohm/micron)         qrc_tech_file
---------------------------------------------------
LISD            V         0.00        10.000000    
M1              H         1.00        16.955556    
M2              V         1.00        16.955556    
M3              H         1.00        15.011111    
M4              V         1.00        10.791667    
M5              H         1.00         9.712500    
M6              V         1.00         7.021875    
M7              H         1.00         7.021875    
M8              V         1.00         5.115000    
M9              H         1.00         3.920000 ** 

** = 'M9' is dropped because its width (8) is too large (threshold 2)

                                        Area       
  Layer                               / Length          Data source:
Name        Direction Utilization     (micron)          lef_library
---------------------------------------------------
M1              V         0.00         0.072000    
M2              H         1.00         0.072000    
M3              V         1.00         0.072000    
M4              H         1.00         0.096000    
M5              V         1.00         0.096000    
M6              H         1.00         0.128000    
M7              V         1.00         0.128000    
M8              H         1.00         0.160000    
M9              V         1.00         0.160000    
Pad             H         1.00         8.000000 ** 

** = 'Pad' is dropped because its width (8) is too large (threshold 2)

Info    : Synthesizing. [SYNTH-1]
        : Synthesizing 'sha256' to generic gates using 'medium' effort.
PBS_Generic-Start - Elapsed_Time 0, CPU_Time 0.0
stamp 'PBS_Generic-Start' being created for table 'pbs_debug'

  Total Time (Wall) |  Stage Time (Wall)  |   % (Wall)   |    Date - Time     |  Memory   | Stage
--------------------+---------------------+--------------+--------------------+-----------+----------------------
 00:00:12(00:00:27) |  00:00:00(00:00:00) |   0.0(  0.0) |   18:39:49 (Jul24) |  530.8 MB | PBS_Generic-Start
--------------------+---------------------+--------------+--------------------+-----------+----------------------
Number of threads: 8 * 1   (id: pbs_debug, time_info v1.57)
Info: (*N*) indicates data that was populated from previously saved time_info database
Info: CPU time includes time of parent + longest thread
TNS Restructuring config: no_value at stage: generic applied.
Info    : Partition Based Synthesis execution skipped. [PHYS-752]
        : Design size is less than the partition size '100000' for distributed generic optimization to kick in.
Starting mux data reorder optimization [v1.0] (stage: pre_to_gen_setup, startdef: sha256, recur: true)
Completed mux data reorder optimization (accepts: 0, rejects: 0, runtime: 0.007s)

Stage: pre_to_gen_setup
------------------------------------------------------
| Transform       | Accepts | Rejects | Runtime (ms) | 
------------------------------------------------------
| hlo_mux_reorder |       0 |       0 |         7.00 | 
------------------------------------------------------
Info    : Deleting instances not driving any primary outputs. [GLO-34]
        : Deleting 5 hierarchical instances.
Starting mux data reorder optimization [v1.0] (stage: post_to_gen_setup, startdef: sha256, recur: true)
Completed mux data reorder optimization (accepts: 0, rejects: 0, runtime: 0.001s)

Stage: post_to_gen_setup
------------------------------------------------------
| Transform       | Accepts | Rejects | Runtime (ms) | 
------------------------------------------------------
| hlo_mux_reorder |       0 |       0 |         1.00 | 
------------------------------------------------------
Current PLE settings:

Aspect ratio        : 1.000
Shrink factor       : 1.000
Scale of res/length : 1.000
Scale of cap/length : 1.000
Net derating factor : 1.000
Thermal factor      : 1.000
Via Resistance      : 10.000 ohm (from qrc_tech_file)
Site size           : 1.224 um (from lef [tech+cell])

                                   Capacitance    
  Layer                             / Length           Data source:
Name        Direction Utilization  (pF/micron)         qrc_tech_file
--------------------------------------------------
LISD            V         0.00        0.000041    
M1              H         1.00        0.000054    
M2              V         1.00        0.000051    
M3              H         1.00        0.000050    
M4              V         1.00        0.000053    
M5              H         1.00        0.000052    
M6              V         1.00        0.000053    
M7              H         1.00        0.000052    
M8              V         1.00        0.000054    
M9              H         1.00        0.000052 ** 

** = 'M9' is dropped because its width (8) is too large (threshold 2)

                                    Resistance     
  Layer                              / Length           Data source:
Name        Direction Utilization  (ohm/micron)         qrc_tech_file
---------------------------------------------------
LISD            V         0.00        10.000000    
M1              H         1.00        16.955556    
M2              V         1.00        16.955556    
M3              H         1.00        15.011111    
M4              V         1.00        10.791667    
M5              H         1.00         9.712500    
M6              V         1.00         7.021875    
M7              H         1.00         7.021875    
M8              V         1.00         5.115000    
M9              H         1.00         3.920000 ** 

** = 'M9' is dropped because its width (8) is too large (threshold 2)

                                        Area       
  Layer                               / Length          Data source:
Name        Direction Utilization     (micron)          lef_library
---------------------------------------------------
M1              V         0.00         0.072000    
M2              H         1.00         0.072000    
M3              V         1.00         0.072000    
M4              H         1.00         0.096000    
M5              V         1.00         0.096000    
M6              H         1.00         0.128000    
M7              V         1.00         0.128000    
M8              H         1.00         0.160000    
M9              V         1.00         0.160000    
Pad             H         1.00         8.000000 ** 

** = 'Pad' is dropped because its width (8) is too large (threshold 2)

Running Unified Mux Engine Tricks...
Completed Unified Mux Engine Tricks

Stage: pre_hlo_rtlopt
--------------------------------------------
| Trick | Accepts | Rejects | Runtime (ms) | 
--------------------------------------------
--------------------------------------------
Starting infer macro optimization [v1.0] (stage: pre_rtlopt, startdef: sha256, recur: true)
Completed infer macro optimization (accepts: 0, rejects: 30, runtime: 0.015s)
Starting decode mux sandwich optimization [v2.0] (stage: pre_rtlopt, startdef: sha256, recur: true)
Completed decode mux sandwich optimization (accepts: 0, rejects: 0, runtime: 0.000s)
Starting decode mux optimization [v1.0] (stage: pre_rtlopt, startdef: sha256, recur: true)
Completed decode mux optimization (accepts: 0, rejects: 0, runtime: 0.000s)
Starting chop wide muxes [v1.0] (stage: pre_rtlopt, startdef: sha256, recur: true)
Completed chop wide muxes (accepts: 0, rejects: 0, runtime: 0.001s)
Starting common data mux cascade opt [v1.0] (stage: pre_rtlopt, startdef: sha256, recur: true)
Completed common data mux cascade opt (accepts: 0, rejects: 0, runtime: 0.000s)
Starting mux input consolidation [v1.0] (stage: pre_rtlopt, startdef: sha256, recur: true)
Completed mux input consolidation (accepts: 0, rejects: 0, runtime: 0.002s)
Starting constant-data mux optimization [v1.0] (stage: pre_rtlopt, startdef: sha256, recur: true)
Completed constant-data mux optimization (accepts: 0, rejects: 0, runtime: 0.001s)
Starting chain-to-tree inequality transform [v2.0] (stage: pre_rtlopt, startdef: sha256, recur: true)
Completed chain-to-tree inequality transform (accepts: 0, rejects: 0, runtime: 0.017s)
Starting reconvergence optimization [v1.0] (stage: pre_rtlopt, startdef: sha256, recur: true)
Completed reconvergence optimization (accepts: 0, rejects: 0, runtime: 0.000s)
Starting logic restructure optimization [v1.0] (stage: pre_rtlopt, startdef: sha256, recur: true)
Completed logic restructure optimization (accepts: 0, rejects: 0, runtime: 0.001s)
Starting common select mux optimization [v1.0] (stage: pre_rtlopt, startdef: sha256, recur: true)
Completed common select mux optimization (accepts: 0, rejects: 2, runtime: 0.002s)
Starting identity transform [v3.0] (stage: pre_rtlopt, startdef: sha256, recur: true)
Completed identity transform (accepts: 0, rejects: 0, runtime: 0.003s)
Starting reduce operator chain [v1.0] (stage: pre_rtlopt, startdef: sha256, recur: true)
Completed reduce operator chain (accepts: 0, rejects: 0, runtime: 0.000s)
Starting common data mux cascade opt [v1.0] (stage: pre_rtlopt, startdef: sha256, recur: true)
Completed common data mux cascade opt (accepts: 0, rejects: 0, runtime: 0.000s)
Starting mux input consolidation [v1.0] (stage: pre_rtlopt, startdef: sha256, recur: true)
Completed mux input consolidation (accepts: 0, rejects: 0, runtime: 0.001s)
Starting optimize datapath elements [v1.0] (stage: pre_rtlopt, startdef: sha256, recur: true)
Completed optimize datapath elements (accepts: 0, rejects: 0, runtime: 0.000s)
Starting datapath recasting [v1.0] (stage: pre_rtlopt, startdef: sha256, recur: true)
Completed datapath recasting (accepts: 0, rejects: 0, runtime: 0.000s)
Starting clip mux common data inputs [v1.0] (stage: pre_rtlopt, startdef: sha256, recur: true)
Completed clip mux common data inputs (accepts: 0, rejects: 0, runtime: 0.000s)
Starting clip the non-user hierarchies [v2.0] (stage: pre_rtlopt, startdef: sha256, recur: true)
Completed clip the non-user hierarchies (accepts: 0, rejects: 0, runtime: 0.000s)

Stage: pre_rtlopt
----------------------------------------------------------------
| Transform                 | Accepts | Rejects | Runtime (ms) | 
----------------------------------------------------------------
| hlo_infer_macro           |       0 |      30 |        15.00 | 
| hlo_decode_mux_sandwich   |       0 |       0 |         0.00 | 
| hlo_mux_decode            |       0 |       0 |         0.00 | 
| hlo_chop_mux              |       0 |       0 |         1.00 | 
| hlo_mux_cascade_opt       |       0 |       0 |         0.00 | 
| hlo_mux_consolidation     |       0 |       0 |         2.00 | 
| hlo_constant_mux_opt      |       0 |       0 |         1.00 | 
| hlo_inequality_transform  |       0 |       0 |        17.00 | 
| hlo_reconv_opt            |       0 |       0 |         0.00 | 
| hlo_restructure           |       0 |       0 |         1.00 | 
| hlo_common_select_muxopto |       0 |       2 |         2.00 | 
| hlo_identity_transform    |       0 |       0 |         3.00 | 
| hlo_reduce_operator_chain |       0 |       0 |         0.00 | 
| hlo_mux_cascade_opt       |       0 |       0 |         0.00 | 
| hlo_mux_consolidation     |       0 |       0 |         1.00 | 
| hlo_optimize_datapath     |       0 |       0 |         0.00 | 
| hlo_datapath_recast       |       0 |       0 |         0.00 | 
| hlo_clip_mux_input        |       0 |       0 |         0.00 | 
| hlo_clip                  |       0 |       0 |         0.00 | 
----------------------------------------------------------------
Running Unified Mux Engine Tricks...
Completed Unified Mux Engine Tricks

Stage: post_hlo_rtlopt
--------------------------------------------------
| Trick       | Accepts | Rejects | Runtime (ms) | 
--------------------------------------------------
| ume_runtime |       0 |       0 |         1.00 | 
--------------------------------------------------
Number of big hc bmuxes before = 0
Number of non-ctl's : 1
mux_cmbsop_ready_flag_489_13 
SOP DEBUG : Module= sha256_core, Cluster= ctl_489_13, ctl= 1, Non-ctl= 1
Selected impl_type 0 (ctl + 1-hot mux form) for sop cluster ctl_489_13.
Number of non-ctl's : 18
mux_H0_new_279_567 mux_H1_new_279_571 mux_H2_new_279_575 mux_H3_new_279_579 mux_H4_new_279_583 mux_H5_new_279_587 mux_H6_new_279_591 mux_H7_new_279_595 mux_H_we_279_599 mux_H0_new_282_569 mux_H1_new_282_573 mux_H2_new_282_577 mux_H3_new_282_581 mux_H4_new_282_585 mux_H5_new_282_589 mux_H6_new_282_593 mux_H7_new_282_597 mux_H_we_306_601 
SOP DEBUG : Module= sha256_core, Cluster= g566, ctl= 18, Non-ctl= 18
Selected impl_type 0 (ctl + 1-hot mux form) for sop cluster g566.
Number of non-ctl's : 3
mux_a_h_we_379_603 mux_a_h_we_420_605 mux_t_ctr_we_452_607 
SOP DEBUG : Module= sha256_core, Cluster= g602, ctl= 3, Non-ctl= 3
Selected impl_type 0 (ctl + 1-hot mux form) for sop cluster g602.
Number of non-ctl's : 1
mux_tmp_K_61_12 
SOP DEBUG : Module= sha256_k_constants, Cluster= ctl_addr_61_12, ctl= 1, Non-ctl= 1
Selected impl_type 0 (ctl + 1-hot mux form) for sop cluster ctl_addr_61_12.
Info    : Pre-processed datapath logic. [DPOPT-6]
        : Pre-processing optimizations applied to datapath logic in 'sha256':
          sop(4) 
Info    : Optimizing datapath logic. [DPOPT-1]
        : Optimizing datapath logic in 'sha256'.
Info    : Implementing datapath configurations. [DPOPT-3]
        : Implementing datapath configurations for 'CDN_DP_region_1_0'
CDN_DP_region_1_0 level = 0 loads = 0 drivers = 0
CDN_DP_region_1_0_c0 in sha256_core: area: 255708547270 ,dp = 41 mux = 79 sg = slow         worst_clk_period: -1.0000 
    wns: 0  norm_wns:  -1.0000 
    fail_endp: -1 
    tns:  0  tns_per_endp:  -1.0000   norm_tns_per_endp:  -1.0000 
    tns_sense_max:  -1.0000  tns_sense_avg:  -1.0000   tns_sense_num: -1
 skipped
CDN_DP_region_1_0_c1 in sha256_core: area: 240314044695 ,dp = 19 mux = 80 sg = fast         worst_clk_period: -1.0000 
    wns: 0  norm_wns:  -1.0000 
    fail_endp: -1 
    tns:  0  tns_per_endp:  -1.0000   norm_tns_per_endp:  -1.0000 
    tns_sense_max:  -1.0000  tns_sense_avg:  -1.0000   tns_sense_num: -1
 is current best
CDN_DP_region_1_0_c2 in sha256_core: area: 233442450120 ,dp = 18 mux = 79 sg = very_slow    worst_clk_period: -1.0000 
    wns: 0  norm_wns:  -1.0000 
    fail_endp: -1 
    tns:  0  tns_per_endp:  -1.0000   norm_tns_per_endp:  -1.0000 
    tns_sense_max:  -1.0000  tns_sense_avg:  -1.0000   tns_sense_num: -1
 is current best
CDN_DP_region_1_0_c3 in sha256_core: area: 240314044695 ,dp = 19 mux = 80 sg = very_fast    worst_clk_period: -1.0000 
    wns: 0  norm_wns:  -1.0000 
    fail_endp: -1 
    tns:  0  tns_per_endp:  -1.0000   norm_tns_per_endp:  -1.0000 
    tns_sense_max:  -1.0000  tns_sense_avg:  -1.0000   tns_sense_num: -1

CDN_DP_region_1_0_c4 in sha256_core: area: 233442450120 ,dp = 18 mux = 79 sg = very_fast    worst_clk_period: -1.0000 
    wns: 0  norm_wns:  -1.0000 
    fail_endp: -1 
    tns:  0  tns_per_endp:  -1.0000   norm_tns_per_endp:  -1.0000 
    tns_sense_max:  -1.0000  tns_sense_avg:  -1.0000   tns_sense_num: -1
 is current best
CDN_DP_region_1_0_c5 in sha256_core: area: 233442450120 ,dp = 18 mux = 79 sg = very_fast    worst_clk_period: -1.0000 
    wns: 0  norm_wns:  -1.0000 
    fail_endp: -1 
    tns:  0  tns_per_endp:  -1.0000   norm_tns_per_endp:  -1.0000 
    tns_sense_max:  -1.0000  tns_sense_avg:  -1.0000   tns_sense_num: -1
 is current best
CDN_DP_region_1_0_c6 in sha256_core: area: 240314044695 ,dp = 19 mux = 80 sg = very_fast    worst_clk_period: -1.0000 
    wns: 0  norm_wns:  -1.0000 
    fail_endp: -1 
    tns:  0  tns_per_endp:  -1.0000   norm_tns_per_endp:  -1.0000 
    tns_sense_max:  -1.0000  tns_sense_avg:  -1.0000   tns_sense_num: -1

Best config: CDN_DP_region_1_0_c5 in sha256_core: area: 233442450120 ,dp = 18 mux = 79 sg = very_fast    worst_clk_period: -1.0000 
    wns: 0  norm_wns:  -1.0000 
    fail_endp: -1 
    tns:  0  tns_per_endp:  -1.0000   norm_tns_per_endp:  -1.0000 
    tns_sense_max:  -1.0000  tns_sense_avg:  -1.0000   tns_sense_num: -1
  Smallest config area : 233442450120.  Fastest config wns;  0
##>+----------------------------------------------------------------------------------------------------------------------------------------------------------------+
##>Summary table of configs (Best config is CDN_DP_region_1_0_c5)
##>+----------------------------------------------------------------------------------------------------------------------------------------------------------------+
##>                     0                  1                  2                  3                  4                  5                  6            
##>+----------------------------------------------------------------------------------------------------------------------------------------------------------------+
##>           Area     255708547270       240314044695       233442450120       240314044695       233442450120       233442450120       240314044695  
##>            WNS           +23.30             +20.70             +20.70             +20.70             +20.70             +20.70             +20.70  
##>            TNS                0                  0                  0                  0                  0                  0                  0  
##>    Num Rewrite                0                  2                  3                  2                  3                  3                  2  
##>     Num Factor                0                  0                  0                  0                  0                  0                  0  
##>      Num Share                0                  0                  0                  0                  0                  0                  0  
##>   Num CmultCse                0                  0                  0                  0                  0                  0                  0  
##>   Num Downsize                0                  0                  0                  0                  0                  0                  0  
##>  Num Speculate                0                  0                  0                  0                  0                  0                  0  
##>     Runtime(s)                0                  1                  1                  1                  1                  1                  1  
+----------------------------------------------------------------------------------------------------------------------------------------------------------------+
##>
##>
##>+------------------------------------------------------------------------------------------------------------------------------------------------------------+
##>Optimization Step DEBUG Table for config CDN_DP_region_1_0_c5
##>
##>                          Step                        Area   ( % Chg)        WNS (Change)        TNS (Change)          Runtime (s)        Comment                   
##>+------------------------------------------------------------------------------------------------------------------------------------------------------------+
##>createMaxCarrySave              START           255708547270 (      )       23.30 (        )             0 (        )              
##> datapath_rewrite_one_def       START           255708547270 ( +0.00)       23.30 (   +0.00)             0 (       0)              
##>  fast_cse_elim                 START           255708547270 ( +0.00)       23.30 (   +0.00)             0 (       0)              
##>                                  END           255474167300 ( -0.09)       23.30 (   +0.00)             0 (       0)           0  
##>  fast_cse_elim                 START           255474167300 ( +0.00)       23.30 (   +0.00)             0 (       0)              
##>                                  END           255474167300 ( +0.00)       23.30 (   +0.00)             0 (       0)           0  
##>                                  END           255474167300 ( -0.09)       23.30 (   +0.00)             0 (       0)           0  
##> speculate_in_gdef              START           255474167300 ( +0.00)       23.30 (   +0.00)             0 (       0)              
##>  pre_speculate_mux_merge       START           255474167300 ( +0.00)       23.30 (   +0.00)             0 (       0)              
##>                                  END           255474167300 ( +0.00)       23.30 (   +0.00)             0 (       0)           0  
##>                                  END           255474167300 ( +0.00)       23.30 (   +0.00)             0 (       0)           0  
##> csa_opto                       START           255474167300 ( +0.00)       23.30 (   +0.00)             0 (       0)              
##>                                  END           233495718295 ( -8.60)       23.30 (   +0.00)             0 (       0)           0  
##>                                  END           233495718295 ( -8.69)       23.30 (   +0.00)             0 (       0)           0  
##>canonicalize_by_names           START           233495718295 ( +0.00)       23.30 (   +0.00)             0 (       0)              
##>                                  END           233495718295 ( +0.00)       23.30 (   +0.00)             0 (       0)           0  
##>datapath_rewrite_post_csa_one_  START           233495718295 ( +0.00)       23.30 (   +0.00)             0 (       0)              
##> rewrite                        START           233495718295 ( +0.00)       23.30 (   +0.00)             0 (       0)              (na,csaa) base_unsigned_add_ci_csa_from --> unsigned_add_ci_csa_to
##>                                  END           237927630455 ( +1.90)       23.30 (   +0.00)             0 (       0)           0  
##> rewrite                        START           233495718295 ( -1.86)       23.30 (   +0.00)             0 (       0)              (na,csaa) base_comb_unsigned_add_ci_p_add_from --> comb_unsigned_add_ci_p_add_to
##>                                  END           237927630455 ( +1.90)       23.30 (   +0.00)             0 (       0)           0  
##> rewrite                        START           233495718295 ( -1.86)       23.30 (   +0.00)             0 (       0)              (a,ar) csa_add_and_inc_v2 --> csa_add_ci
##>                                  END           233591601010 ( +0.04)       23.30 (   +0.00)             0 (       0)           0  
##> rewrite                        START           233591601010 ( +0.00)       23.30 (   +0.00)             0 (       0)              (a,ar) csa_add_and_inc_v2 --> csa_add_ci
##>                                  END           233644869185 ( +0.02)       23.30 (   +0.00)             0 (       0)           0  
##> rewrite                        START           233644869185 ( +0.00)       23.30 (   +0.00)             0 (       0)              (a,ar) csa_add_and_inc_v2 --> csa_add_ci
##>                                  END           233655522820 ( +0.00)       23.30 (   +0.00)             0 (       0)           0  
##> rewrite                        START           233655522820 ( +0.00)       23.30 (   +0.00)             0 (       0)              (na,csaa) unsigned_add_add_v2_from --> unsigned_add_add_csa_to
##>                                  END           237991552265 ( +1.86)       23.30 (   +0.00)             0 (       0)           0  
##> rewrite                        START           233655522820 ( -1.82)       23.30 (   +0.00)             0 (       0)              (na,csaa) unsigned_add_add_v4_from --> unsigned_add_add_csa_to
##>                                  END           237991552265 ( +1.86)       23.30 (   +0.00)             0 (       0)           0  
##> rewrite                        START           233655522820 ( -1.82)       23.30 (   +0.00)             0 (       0)              (na,csaa) base_unsigned_add_csa2_from --> unsigned_add_csa2_to
##>                                  END           237948937725 ( +1.84)       23.30 (   +0.00)             0 (       0)           0  
##> rewrite                        START           233655522820 ( -1.80)       23.30 (   +0.00)             0 (       0)              (na,csaa) base_comb_unsigned_add_p_add_from --> comb_unsigned_add_p_add_to
##>                                  END           237991552265 ( +1.86)       23.30 (   +0.00)             0 (       0)           0  
##>                                  END           233655522820 ( +0.07)       23.30 (   +0.00)             0 (       0)           0  
##>datapath_csa_factoring_one_gde  START           233655522820 ( +0.00)       23.30 (   +0.00)             0 (       0)              
##>                                  END           233655522820 ( +0.00)       23.30 (   +0.00)             0 (       0)           0  
##>dpopt_share_one_def             START           233655522820 ( +0.00)       23.30 (   +0.00)             0 (       0)              
##>                                  END           233655522820 ( +0.00)       23.30 (   +0.00)             0 (       0)           0  
##>datapath_rewrite_post_share     START           233655522820 ( +0.00)       23.30 (   +0.00)             0 (       0)              
##>                                  END           233655522820 ( +0.00)       23.30 (   +0.00)             0 (       0)           0  
##>dp_combine_const_mult_with_com  START           233655522820 ( +0.00)       23.30 (   +0.00)             0 (       0)              
##>                                  END           233655522820 ( +0.00)       23.30 (   +0.00)             0 (       0)           0  
##>speculate_in_gdef               START           233655522820 ( +0.00)       23.30 (   +0.00)             0 (       0)              
##> pre_speculate_mux_merge        START           233655522820 ( +0.00)       23.30 (   +0.00)             0 (       0)              
##>                                  END           233655522820 ( +0.00)       23.30 (   +0.00)             0 (       0)           0  
##>                                  END           233655522820 ( +0.00)       23.30 (   +0.00)             0 (       0)           0  
##>dp_operator_level_decompositio  START           233655522820 ( +0.00)       23.30 (   +0.00)             0 (       0)              
##>                                  END           233655522820 ( +0.00)       23.30 (   +0.00)             0 (       0)           0  
##>selective_flatten_dp_config     START           233655522820 ( +0.00)       23.30 (   +0.00)             0 (       0)              
##>                                  END           233655522820 ( +0.00)       20.70 (   -2.60)             0 (       0)           0  
##>createMaxCarrySave              START           233655522820 ( +0.00)       20.70 (   +0.00)             0 (       0)              
##> datapath_rewrite_one_def       START           233655522820 ( +0.00)       20.70 (   +0.00)             0 (       0)              
##>  fast_cse_elim                 START           233655522820 ( +0.00)       20.70 (   +0.00)             0 (       0)              
##>                                  END           233655522820 ( +0.00)       20.70 (   +0.00)             0 (       0)           0  
##>  fast_cse_elim                 START           233655522820 ( +0.00)       20.70 (   +0.00)             0 (       0)              
##>                                  END           233655522820 ( +0.00)       20.70 (   +0.00)             0 (       0)           0  
##>                                  END           233655522820 ( +0.00)       20.70 (   +0.00)             0 (       0)           0  
##> speculate_in_gdef              START           233655522820 ( +0.00)       20.70 (   +0.00)             0 (       0)              
##>  pre_speculate_mux_merge       START           233655522820 ( +0.00)       20.70 (   +0.00)             0 (       0)              
##>                                  END           233655522820 ( +0.00)       20.70 (   +0.00)             0 (       0)           0  
##>                                  END           233655522820 ( +0.00)       20.70 (   +0.00)             0 (       0)           0  
##> csa_opto                       START           233655522820 ( +0.00)       20.70 (   +0.00)             0 (       0)              
##>                                  END           233655522820 ( +0.00)       20.70 (   +0.00)             0 (       0)           0  
##>                                  END           233655522820 ( +0.00)       20.70 (   +0.00)             0 (       0)           0  
##>datapath_rewrite_post_csa_one_  START           233655522820 ( +0.00)       20.70 (   +0.00)             0 (       0)              
##>                                  END           233655522820 ( +0.00)       20.70 (   +0.00)             0 (       0)           0  
##>datapath_csa_factoring_one_gde  START           233655522820 ( +0.00)       20.70 (   +0.00)             0 (       0)              
##>                                  END           233655522820 ( +0.00)       20.70 (   +0.00)             0 (       0)           0  
##>dpopt_share_one_def             START           233655522820 ( +0.00)       20.70 (   +0.00)             0 (       0)              
##>                                  END           233655522820 ( +0.00)       20.70 (   +0.00)             0 (       0)           0  
##>datapath_rewrite_post_share     START           233655522820 ( +0.00)       20.70 (   +0.00)             0 (       0)              
##>                                  END           233655522820 ( +0.00)       20.70 (   +0.00)             0 (       0)           0  
##>dp_combine_const_mult_with_com  START           233655522820 ( +0.00)       20.70 (   +0.00)             0 (       0)              
##>                                  END           233655522820 ( +0.00)       20.70 (   +0.00)             0 (       0)           0  
##>speculate_in_gdef               START           233655522820 ( +0.00)       20.70 (   +0.00)             0 (       0)              
##> pre_speculate_mux_merge        START           233655522820 ( +0.00)       20.70 (   +0.00)             0 (       0)              
##>                                  END           233655522820 ( +0.00)       20.70 (   +0.00)             0 (       0)           0  
##>                                  END           233655522820 ( +0.00)       20.70 (   +0.00)             0 (       0)           0  
##>dp_operator_level_decompositio  START           233655522820 ( +0.00)       20.70 (   +0.00)             0 (       0)              
##>                                  END           233655522820 ( +0.00)       20.70 (   +0.00)             0 (       0)           0  
##>selective_flatten_dp_config     START           233655522820 ( +0.00)       20.70 (   +0.00)             0 (       0)              
##>                                  END           233655522820 ( +0.00)       20.70 (   +0.00)             0 (       0)           0  
##>createMaxCarrySave              START           233655522820 ( +0.00)       20.70 (   +0.00)             0 (       0)              
##> datapath_rewrite_one_def       START           233655522820 ( +0.00)       20.70 (   +0.00)             0 (       0)              
##>  fast_cse_elim                 START           233655522820 ( +0.00)       20.70 (   +0.00)             0 (       0)              
##>                                  END           233655522820 ( +0.00)       20.70 (   +0.00)             0 (       0)           0  
##>  fast_cse_elim                 START           233655522820 ( +0.00)       20.70 (   +0.00)             0 (       0)              
##>                                  END           233655522820 ( +0.00)       20.70 (   +0.00)             0 (       0)           0  
##>                                  END           233655522820 ( +0.00)       20.70 (   +0.00)             0 (       0)           0  
##> speculate_in_gdef              START           233655522820 ( +0.00)       20.70 (   +0.00)             0 (       0)              
##>  pre_speculate_mux_merge       START           233655522820 ( +0.00)       20.70 (   +0.00)             0 (       0)              
##>                                  END           233655522820 ( +0.00)       20.70 (   +0.00)             0 (       0)           0  
##>                                  END           233655522820 ( +0.00)       20.70 (   +0.00)             0 (       0)           0  
##> csa_opto                       START           233655522820 ( +0.00)       20.70 (   +0.00)             0 (       0)              
##>                                  END           233655522820 ( +0.00)       20.70 (   +0.00)             0 (       0)           0  
##>                                  END           233655522820 ( +0.00)       20.70 (   +0.00)             0 (       0)           0  
##>context_based_simplify          START           233570293740 ( -0.04)       20.70 (   +0.00)             0 (       0)              
##>                                  END           233442450120 ( -0.05)       20.70 (   +0.00)             0 (       0)           0  
##>group_csa_final_adder_dp        START           233442450120 ( +0.00)       20.70 (   +0.00)             0 (       0)              
##>                                  END           233442450120 ( +0.00)       20.70 (   +0.00)             0 (       0)           0  
##>dpopt_flatten_critical_muxes_i  START           233442450120 ( +0.00)       20.70 (   +0.00)             0 (       0)              
##>                                  END           233442450120 ( +0.00)       20.70 (   +0.00)             0 (       0)           0  
##>speculate_in_gdef               START           233442450120 ( +0.00)       20.70 (   +0.00)             0 (       0)              
##> pre_speculate_mux_merge        START           233442450120 ( +0.00)       20.70 (   +0.00)             0 (       0)              
##>                                  END           233442450120 ( +0.00)       20.70 (   +0.00)             0 (       0)           0  
##>                                  END           233442450120 ( +0.00)       20.70 (   +0.00)             0 (       0)           0  
##>create_score                    START           233442450120 ( +0.00)       20.70 (   +0.00)             0 (       0)              
##>                                  END           233442450120 ( +0.00)       20.70 (   +0.00)             0 (       0)           0  
##>+------------------------------------------------------------------------------------------------------------------------------------------------------------+
Committed config: CDN_DP_region_1_0_c5
Info    : Done implementing datapath configurations. [DPOPT-4]
        : Selected 'very_fast' configuration 5 for module 'CDN_DP_region_1_0'.
          Optimizations applied to 'very_fast' configuration:
            rewriting(3), factoring(0), sharing(0), cmultcse(0), downsizing(0), speculation(0)
Info    : Implementing datapath configurations. [DPOPT-3]
        : Implementing datapath configurations for 'CDN_DP_region_0_0'
CSAGen Prep Share:0 Re-Write:0 Speculation: 0
MaxCSA: Successfully built Maximal CSA Expression Expr0
CDN_DP_region_0_0 level = 0 loads = 0 drivers = 0
CDN_DP_region_0_0_c0 in sha256: area: 28125596400 ,dp = 5 mux = 22 sg = slow         worst_clk_period: -1.0000 
    wns: 0  norm_wns:  -1.0000 
    fail_endp: -1 
    tns:  0  tns_per_endp:  -1.0000   norm_tns_per_endp:  -1.0000 
    tns_sense_max:  -1.0000  tns_sense_avg:  -1.0000   tns_sense_num: -1
 skipped
CDN_DP_region_0_0_c1 in sha256: area: 27976445510 ,dp = 5 mux = 22 sg = fast         worst_clk_period: -1.0000 
    wns: 0  norm_wns:  -1.0000 
    fail_endp: -1 
    tns:  0  tns_per_endp:  -1.0000   norm_tns_per_endp:  -1.0000 
    tns_sense_max:  -1.0000  tns_sense_avg:  -1.0000   tns_sense_num: -1
 is current best
CDN_DP_region_0_0_c2 in sha256: area: 27976445510 ,dp = 5 mux = 22 sg = very_slow    worst_clk_period: -1.0000 
    wns: 0  norm_wns:  -1.0000 
    fail_endp: -1 
    tns:  0  tns_per_endp:  -1.0000   norm_tns_per_endp:  -1.0000 
    tns_sense_max:  -1.0000  tns_sense_avg:  -1.0000   tns_sense_num: -1
 is current best
CDN_DP_region_0_0_c3 in sha256: area: 27976445510 ,dp = 5 mux = 22 sg = very_fast    worst_clk_period: -1.0000 
    wns: 0  norm_wns:  -1.0000 
    fail_endp: -1 
    tns:  0  tns_per_endp:  -1.0000   norm_tns_per_endp:  -1.0000 
    tns_sense_max:  -1.0000  tns_sense_avg:  -1.0000   tns_sense_num: -1
 is current best
CDN_DP_region_0_0_c4 in sha256: area: 27976445510 ,dp = 5 mux = 22 sg = very_fast    worst_clk_period: -1.0000 
    wns: 0  norm_wns:  -1.0000 
    fail_endp: -1 
    tns:  0  tns_per_endp:  -1.0000   norm_tns_per_endp:  -1.0000 
    tns_sense_max:  -1.0000  tns_sense_avg:  -1.0000   tns_sense_num: -1
 is current best
CDN_DP_region_0_0_c5 in sha256: area: 27976445510 ,dp = 5 mux = 22 sg = very_fast    worst_clk_period: -1.0000 
    wns: 0  norm_wns:  -1.0000 
    fail_endp: -1 
    tns:  0  tns_per_endp:  -1.0000   norm_tns_per_endp:  -1.0000 
    tns_sense_max:  -1.0000  tns_sense_avg:  -1.0000   tns_sense_num: -1
 is current best
CDN_DP_region_0_0_c6 in sha256: area: 27976445510 ,dp = 5 mux = 22 sg = very_fast    worst_clk_period: -1.0000 
    wns: 0  norm_wns:  -1.0000 
    fail_endp: -1 
    tns:  0  tns_per_endp:  -1.0000   norm_tns_per_endp:  -1.0000 
    tns_sense_max:  -1.0000  tns_sense_avg:  -1.0000   tns_sense_num: -1
 is current best
CDN_DP_region_0_0_c7 in sha256: area: 28828736310 ,dp = 5 mux = 22 sg = very_fast    worst_clk_period: -1.0000 
    wns: 0  norm_wns:  -1.0000 
    fail_endp: -1 
    tns:  0  tns_per_endp:  -1.0000   norm_tns_per_endp:  -1.0000 
    tns_sense_max:  -1.0000  tns_sense_avg:  -1.0000   tns_sense_num: -1

Best config: CDN_DP_region_0_0_c6 in sha256: area: 27976445510 ,dp = 5 mux = 22 sg = very_fast    worst_clk_period: -1.0000 
    wns: 0  norm_wns:  -1.0000 
    fail_endp: -1 
    tns:  0  tns_per_endp:  -1.0000   norm_tns_per_endp:  -1.0000 
    tns_sense_max:  -1.0000  tns_sense_avg:  -1.0000   tns_sense_num: -1
  Smallest config area : 27976445510.  Fastest config wns;  0
##>+----------------------------------------------------------------------------------------------------------------------------------------------------------------+
##>Summary table of configs (Best config is CDN_DP_region_0_0_c6)
##>+----------------------------------------------------------------------------------------------------------------------------------------------------------------+
##>                     0                  1                  2                  3                  4                  5                  6                  7            
##>+----------------------------------------------------------------------------------------------------------------------------------------------------------------+
##>           Area      28125596400        27976445510        27976445510        27976445510        27976445510        27976445510        27976445510        28828736310  
##>            WNS          +766.10            +766.10            +766.10            +766.10            +766.10            +766.10            +766.10            +766.10  
##>            TNS                0                  0                  0                  0                  0                  0                  0                  0  
##>    Num Rewrite                0                  0                  0                  0                  0                  0                  0                  0  
##>     Num Factor                0                  0                  0                  0                  0                  0                  0                  0  
##>      Num Share                0                  0                  0                  0                  0                  0                  0                  0  
##>   Num CmultCse                0                  0                  0                  0                  0                  0                  0                  0  
##>   Num Downsize                0                  0                  0                  0                  0                  0                  0                  0  
##>  Num Speculate                0                  0                  0                  0                  0                  0                  0                  0  
##>     Runtime(s)                0                  0                  0                  0                  0                  0                  0                  0  
+----------------------------------------------------------------------------------------------------------------------------------------------------------------+
##>
##>
##>+------------------------------------------------------------------------------------------------------------------------------------------------------------+
##>Optimization Step DEBUG Table for config CDN_DP_region_0_0_c6
##>
##>                          Step                        Area   ( % Chg)        WNS (Change)        TNS (Change)          Runtime (s)        Comment                   
##>+------------------------------------------------------------------------------------------------------------------------------------------------------------+
##>createMaxCarrySave              START            28125596400 (      )    107374948.50 (        )             0 (        )              
##> datapath_rewrite_one_def       START            28125596400 ( +0.00)    107374948.50 (   +0.00)             0 (       0)              
##>  fast_cse_elim                 START            28125596400 ( +0.00)    107374948.50 (   +0.00)             0 (       0)              
##>                                  END            28125596400 ( +0.00)    107374948.50 (   +0.00)             0 (       0)           0  
##>  fast_cse_elim                 START            28125596400 ( +0.00)    107374948.50 (   +0.00)             0 (       0)              
##>                                  END            28125596400 ( +0.00)    107374948.50 (   +0.00)             0 (       0)           0  
##>                                  END            28125596400 ( +0.00)    107374948.50 (   +0.00)             0 (       0)           0  
##> dpopt_share_one_def            START            28125596400 ( +0.00)    107374948.50 (   +0.00)             0 (       0)              
##>                                  END            28125596400 ( +0.00)    107374948.50 (   +0.00)             0 (       0)           0  
##> csa_opto                       START            28125596400 ( +0.00)    214748364.70 (+107373416.20)             0 (       0)              
##>                                  END            28125596400 ( +0.00)    214748364.70 (   +0.00)             0 (       0)           0  
##>                                  END            28125596400 ( +0.00)    214748364.70 (+107373416.20)             0 (       0)           0  
##>canonicalize_by_names           START            28125596400 ( +0.00)    214748364.70 (   +0.00)             0 (       0)              
##>                                  END            28125596400 ( +0.00)    214748364.70 (   +0.00)             0 (       0)           0  
##>datapath_rewrite_post_csa_one_  START            28125596400 ( +0.00)    214748364.70 (   +0.00)             0 (       0)              
##>                                  END            28125596400 ( +0.00)    214748364.70 (   +0.00)             0 (       0)           0  
##>datapath_csa_factoring_one_gde  START            28125596400 ( +0.00)    214748364.70 (   +0.00)             0 (       0)              
##>                                  END            28125596400 ( +0.00)    214748364.70 (   +0.00)             0 (       0)           0  
##>dpopt_share_one_def             START            28125596400 ( +0.00)    214748364.70 (   +0.00)             0 (       0)              
##>                                  END            28125596400 ( +0.00)    214748364.70 (   +0.00)             0 (       0)           0  
##>datapath_rewrite_post_share     START            28125596400 ( +0.00)    214748364.70 (   +0.00)             0 (       0)              
##>                                  END            28125596400 ( +0.00)    214748364.70 (   +0.00)             0 (       0)           0  
##>dp_combine_const_mult_with_com  START            28125596400 ( +0.00)    214748364.70 (   +0.00)             0 (       0)              
##>                                  END            28125596400 ( +0.00)    214748364.70 (   +0.00)             0 (       0)           0  
##>dp_operator_level_decompositio  START            28125596400 ( +0.00)    214748364.70 (   +0.00)             0 (       0)              
##>                                  END            28125596400 ( +0.00)    214748364.70 (   +0.00)             0 (       0)           0  
##>selective_flatten_dp_config     START            28125596400 ( +0.00)    214748364.70 (   +0.00)             0 (       0)              
##>                                  END            28125596400 ( +0.00)    214748364.70 (   +0.00)             0 (       0)           0  
##>createMaxCarrySave              START            28125596400 ( +0.00)    214748364.70 (   +0.00)             0 (       0)              
##> datapath_rewrite_one_def       START            28125596400 ( +0.00)    214748364.70 (   +0.00)             0 (       0)              
##>  fast_cse_elim                 START            28125596400 ( +0.00)    214748364.70 (   +0.00)             0 (       0)              
##>                                  END            28125596400 ( +0.00)    214748364.70 (   +0.00)             0 (       0)           0  
##>  fast_cse_elim                 START            28125596400 ( +0.00)    214748364.70 (   +0.00)             0 (       0)              
##>                                  END            28125596400 ( +0.00)    214748364.70 (   +0.00)             0 (       0)           0  
##>                                  END            28125596400 ( +0.00)    214748364.70 (   +0.00)             0 (       0)           0  
##> dpopt_share_one_def            START            28125596400 ( +0.00)    214748364.70 (   +0.00)             0 (       0)              
##>                                  END            28125596400 ( +0.00)    214748364.70 (   +0.00)             0 (       0)           0  
##> csa_opto                       START            28125596400 ( +0.00)    214748364.70 (   +0.00)             0 (       0)              
##>                                  END            28125596400 ( +0.00)    214748364.70 (   +0.00)             0 (       0)           0  
##>                                  END            28125596400 ( +0.00)    214748364.70 (   +0.00)             0 (       0)           0  
##>context_based_simplify          START            28125596400 ( +0.00)    214748364.70 (   +0.00)             0 (       0)              
##>                                  END            27976445510 ( -0.53)    214748364.70 (   +0.00)             0 (       0)           0  
##>group_csa_final_adder_dp        START            27976445510 ( +0.00)    214748364.70 (   +0.00)             0 (       0)              
##>                                  END            27976445510 ( +0.00)    214748364.70 (   +0.00)             0 (       0)           0  
##>dpopt_flatten_critical_muxes_i  START            27976445510 ( +0.00)    214748364.70 (   +0.00)             0 (       0)              
##>                                  END            27976445510 ( +0.00)    214748364.70 (   +0.00)             0 (       0)           0  
##>create_score                    START            27976445510 ( +0.00)      766.10 (-214747598.60)             0 (       0)              
##>                                  END            27976445510 ( +0.00)      766.10 (   +0.00)             0 (       0)           0  
##>+------------------------------------------------------------------------------------------------------------------------------------------------------------+
Committed config: CDN_DP_region_0_0_c6
Info    : Done implementing datapath configurations. [DPOPT-4]
        : Selected 'very_fast' configuration 6 for module 'CDN_DP_region_0_0'.
          Optimizations applied to 'very_fast' configuration:
            rewriting(0), factoring(0), sharing(0), cmultcse(0), downsizing(0), speculation(0)
Info    : Done optimizing datapath logic. [DPOPT-2]
        : Done optimizing datapath logic in 'sha256'.
Number of big hc bmuxes after = 0
Starting logic reduction [v1.0] (stage: post_rtlopt, startdef: sha256, recur: true)
Completed logic reduction (accepts: 0, rejects: 0, runtime: 0.000s)
Starting mux data reorder optimization [v1.0] (stage: post_rtlopt, startdef: sha256, recur: true)
Completed mux data reorder optimization (accepts: 0, rejects: 0, runtime: 0.002s)

Stage: post_rtlopt
----------------------------------------------------------
| Transform           | Accepts | Rejects | Runtime (ms) | 
----------------------------------------------------------
| hlo_logic_reduction |       0 |       0 |         0.00 | 
| hlo_mux_reorder     |       0 |       0 |         2.00 | 
----------------------------------------------------------
Starting mux speculation [v1.0] (stage: post_muxopt, startdef: sha256, recur: true)
Starting speculation optimization
Completed speculation optimization (accepts:0)
Completed mux speculation (accepts: 0, rejects: 0, runtime: 0.273s)

Stage: post_muxopt
------------------------------------------------------
| Transform       | Accepts | Rejects | Runtime (ms) | 
------------------------------------------------------
| hlo_speculation |       0 |       0 |       273.00 | 
------------------------------------------------------
==================================
Stage : to_generic 
==================================
  =================
   Message Summary
  =================
---------------------------------------------------------------------------------------------------------------------------------------------------
|    Id     |  Sev   |Count |                                                    Message Text                                                     |
---------------------------------------------------------------------------------------------------------------------------------------------------
| CDFG-250  |Info    |    2 |Processing multi-dimensional arrays.                                                                                 |
| CDFG-372  |Info    |   69 |Bitwidth mismatch in assignment.                                                                                     |
|           |        |      |Review and make sure the mismatch is unintentional. Genus can possibly issue bitwidth mismatch warning for explicit  |
|           |        |      | assignments present in RTL as-well-as for implicit assignments inferred by the tool. For example, in case of enum   |
|           |        |      | declaration without value, the tool will implicitly assign value to the enum variables. It also issues the warning  |
|           |        |      | for any bitwidth mismatch that appears in this implicit assignment.                                                 |
| CDFG-738  |Info    |    3 |Common subexpression eliminated.                                                                                     |
| CDFG-739  |Info    |    3 |Common subexpression kept.                                                                                           |
| CDFG-769  |Info    |    2 |Identified sum-of-products logic to be optimized during syn_generic.                                                 |
| CDFG-893  |Info    |    1 |Optimized the MUX created for array read / write or variable shifter.                                                |
| CWD-19    |Info    |  117 |An implementation was inferred.                                                                                      |
| DPOPT-1   |Info    |    1 |Optimizing datapath logic.                                                                                           |
| DPOPT-2   |Info    |    1 |Done optimizing datapath logic.                                                                                      |
| DPOPT-3   |Info    |    2 |Implementing datapath configurations.                                                                                |
| DPOPT-4   |Info    |    2 |Done implementing datapath configurations.                                                                           |
| DPOPT-6   |Info    |    1 |Pre-processed datapath logic.                                                                                        |
| ELAB-1    |Info    |    1 |Elaborating Design.                                                                                                  |
| ELAB-2    |Info    |    3 |Elaborating Subdesign.                                                                                               |
| ELAB-3    |Info    |    1 |Done Elaborating Design.                                                                                             |
| GB-6      |Info    |   12 |A datapath component has been ungrouped.                                                                             |
| GLO-34    |Info    |    2 |Deleting instances not driving any primary outputs.                                                                  |
|           |        |      |Optimizations such as constant propagation or redundancy removal could change the connections so a hierarchical      |
|           |        |      | instance does not drive any primary outputs anymore. To see the list of deleted hierarchical instances, set the     |
|           |        |      | 'information_level' attribute to 2 or above. If the message is truncated set the message attribute 'truncate' to    |
|           |        |      | false to see the complete list. To prevent this optimization, set the 'delete_unloaded_insts' root/subdesign        |
|           |        |      | attribute to 'false' or 'preserve' instance attribute to 'true'.                                                    |
| GLO-51    |Info    |    1 |Hierarchical instance automatically ungrouped.                                                                       |
|           |        |      |Hierarchical instances can be automatically ungrouped to allow for better area or timing optimization. To prevent    |
|           |        |      | this ungroup, set the root-level attribute 'auto_ungroup' to 'none'. You can also prevent individual ungroup with   |
|           |        |      | setting the attribute 'ungroup_ok' of instances or modules to 'false'.                                              |
| LBR-155   |Info    |    6 |Mismatch in unateness between 'timing_sense' attribute and the function.                                             |
|           |        |      |The 'timing_sense' attribute will be respected.                                                                      |
| LBR-162   |Info    |   17 |Both 'pos_unate' and 'neg_unate' timing_sense arcs have been processed.                                              |
|           |        |      |Setting the 'timing_sense' to non_unate.                                                                             |
| LBR-412   |Info    |    5 |Created nominal operating condition.                                                                                 |
|           |        |      |The nominal operating condition is represented, either by the nominal PVT values specified in the library source     |
|           |        |      | (via nom_process,nom_voltage and nom_temperature respectively), or by the default PVT values (1.0,1.0,1.0).         |
| PHYS-12   |Warning |    4 |The variant range of wire parameters is too large. An example of wire parameters are, a WIDTH for layer, PITCH for   |
|           |        |      | layer, MINSPACING for layers, etc.                                                                                  |
|           |        |      |Check the consistency of the parameters, and see if you can ignore this message or you're using different LEF file   |
|           |        |      | with wrong parameters.                                                                                              |
| PHYS-13   |Warning |    4 |The value of the wire parameter is too big.                                                                          |
|           |        |      |Check the consistency of the specified wire parameter.                                                               |
| PHYS-14   |Warning |    4 |The value of the wire parameter is too small.                                                                        |
|           |        |      |Check the consistency of the specified wire parameter.                                                               |
| PHYS-15   |Warning |   30 |Missing wire parameter.                                                                                              |
|           |        |      |Check the wire parameter in LEF technology files.                                                                    |
| PHYS-25   |Warning |    5 |Minimum width of layer in LEF does not match minimum width of layer in cap table.                                    |
|           |        |      |Compare the layer MinWidth of the cap_table_file with the MinWidth (WIDTH)                                           |
|           |        |      | of the corresponding layer in LEF. Set the attribute 'shrink_factor' to adjust the MinWidth layer value in the      |
|           |        |      | captable file                                                                                                       |
| PHYS-106  |Warning |    2 |Site already defined before, duplicated site will be ignored.                                                        |
| PHYS-129  |Info    |    9 |Via with no resistance will have a value of '0.0' assigned for resistance value.                                     |
|           |        |      |If this is the expected behavior, this message can be ignored.                                                       |
| PHYS-279  |Warning |  434 |Physical cell not defined in library.                                                                                |
|           |        |      |Ensure that the proper library files are available and have been imported.                                           |
| PHYS-752  |Info    |    1 |Partition Based Synthesis execution skipped.                                                                         |
| RTLOPT-40 |Info    |    6 |Transformed datapath macro.                                                                                          |
| SYNTH-1   |Info    |    1 |Synthesizing.                                                                                                        |
| TIM-1000  |Info    |    1 |Multimode clock gating check is disabled.                                                                            |
---------------------------------------------------------------------------------------------------------------------------------------------------
Current PLE settings:

Aspect ratio        : 1.000
Shrink factor       : 1.000
Scale of res/length : 1.000
Scale of cap/length : 1.000
Net derating factor : 1.000
Thermal factor      : 1.000
Via Resistance      : 10.000 ohm (from qrc_tech_file)
Site size           : 1.224 um (from lef [tech+cell])

                                   Capacitance    
  Layer                             / Length           Data source:
Name        Direction Utilization  (pF/micron)         qrc_tech_file
--------------------------------------------------
LISD            V         0.00        0.000041    
M1              H         1.00        0.000054    
M2              V         1.00        0.000051    
M3              H         1.00        0.000050    
M4              V         1.00        0.000053    
M5              H         1.00        0.000052    
M6              V         1.00        0.000053    
M7              H         1.00        0.000052    
M8              V         1.00        0.000054    
M9              H         1.00        0.000052 ** 

** = 'M9' is dropped because its width (8) is too large (threshold 2)

                                    Resistance     
  Layer                              / Length           Data source:
Name        Direction Utilization  (ohm/micron)         qrc_tech_file
---------------------------------------------------
LISD            V         0.00        10.000000    
M1              H         1.00        16.955556    
M2              V         1.00        16.955556    
M3              H         1.00        15.011111    
M4              V         1.00        10.791667    
M5              H         1.00         9.712500    
M6              V         1.00         7.021875    
M7              H         1.00         7.021875    
M8              V         1.00         5.115000    
M9              H         1.00         3.920000 ** 

** = 'M9' is dropped because its width (8) is too large (threshold 2)

                                        Area       
  Layer                               / Length          Data source:
Name        Direction Utilization     (micron)          lef_library
---------------------------------------------------
M1              V         0.00         0.072000    
M2              H         1.00         0.072000    
M3              V         1.00         0.072000    
M4              H         1.00         0.096000    
M5              V         1.00         0.096000    
M6              H         1.00         0.128000    
M7              V         1.00         0.128000    
M8              H         1.00         0.160000    
M9              V         1.00         0.160000    
Pad             H         1.00         8.000000 ** 

** = 'Pad' is dropped because its width (8) is too large (threshold 2)

Mapper: Libraries have:
	domain _default_: 167 combo usable cells and 23 sequential usable cells
Multi-threaded constant propagation [1|0] ...
Info    : Deleting instances not driving any primary outputs. [GLO-34]
        : Deleting 6 sequential instances.
Multi-threaded Virtual Mapping    (8 threads per ST process, 8 of 32 CPUs usable)
==================================
Stage : first_condense 
==================================
  =================
   Message Summary
  =================
---------------------------------------------------------------------------------------------------------------------------------------------------
|   Id   |Sev  |Count |                                                       Message Text                                                        |
---------------------------------------------------------------------------------------------------------------------------------------------------
| GB-6   |Info |    2 |A datapath component has been ungrouped.                                                                                   |
| GLO-34 |Info |    1 |Deleting instances not driving any primary outputs.                                                                        |
|        |     |      |Optimizations such as constant propagation or redundancy removal could change the connections so a hierarchical instance   |
|        |     |      | does not drive any primary outputs anymore. To see the list of deleted hierarchical instances, set the                    |
|        |     |      | 'information_level' attribute to 2 or above. If the message is truncated set the message attribute 'truncate' to false to |
|        |     |      | see the complete list. To prevent this optimization, set the 'delete_unloaded_insts' root/subdesign attribute to 'false'  |
|        |     |      | or 'preserve' instance attribute to 'true'.                                                                               |
| GLO-42 |Info |    6 |Equivalent sequential instances have been merged.                                                                          |
|        |     |      |To prevent merging of sequential instances, set the 'optimize_merge_flops' and 'optimize_merge_latches' root attributes to |
|        |     |      | 'false' or the 'optimize_merge_seq' instance attribute to 'false'.                                                        |
---------------------------------------------------------------------------------------------------------------------------------------------------
 
Global mapping target info
==========================
Cost Group 'clk' target slack:    30 ps
Target path end-point (Pin: core/a_reg_reg[31]/d)


State Retention Synthesis Status
================================

Category                        Flops   Percentage
--------------------------------------------------
Total instances                  1806        100.0
Excluded from State Retention    1806        100.0
    - Will not convert           1806        100.0
      - Preserved                   0          0.0
      - Power intent excluded    1806        100.0
    - Could not convert             0          0.0
      - Scan type                   0          0.0
      - No suitable cell            0          0.0
State Retention instances           0          0.0
--------------------------------------------------

PBS_Generic_Opt-Post - Elapsed_Time 41, CPU_Time 42.286176
stamp 'PBS_Generic_Opt-Post' being created for table 'pbs_debug'

  Total Time (Wall) |  Stage Time (Wall)  |   % (Wall)   |    Date - Time     |  Memory   | Stage
--------------------+---------------------+--------------+--------------------+-----------+----------------------
 00:00:12(00:00:27) |  00:00:00(00:00:00) |   0.0(  0.0) |   18:39:49 (Jul24) |  530.8 MB | PBS_Generic-Start
--------------------+---------------------+--------------+--------------------+-----------+----------------------
 00:00:54(00:01:08) |  00:00:42(00:00:41) | 100.0(100.0) |   18:40:30 (Jul24) |  957.2 MB | PBS_Generic_Opt-Post
--------------------+---------------------+--------------+--------------------+-----------+----------------------
Number of threads: 8 * 1   (id: pbs_debug, time_info v1.57)
Info: (*N*) indicates data that was populated from previously saved time_info database
Info: CPU time includes time of parent + longest thread
PBS_Generic-Postgen HBO Optimizations - Elapsed_Time 0, CPU_Time 0.0
stamp 'PBS_Generic-Postgen HBO Optimizations' being created for table 'pbs_debug'

  Total Time (Wall) |  Stage Time (Wall)  |   % (Wall)   |    Date - Time     |  Memory   | Stage
--------------------+---------------------+--------------+--------------------+-----------+----------------------
 00:00:12(00:00:27) |  00:00:00(00:00:00) |   0.0(  0.0) |   18:39:49 (Jul24) |  530.8 MB | PBS_Generic-Start
--------------------+---------------------+--------------+--------------------+-----------+----------------------
 00:00:54(00:01:08) |  00:00:42(00:00:41) | 100.0(100.0) |   18:40:30 (Jul24) |  957.2 MB | PBS_Generic_Opt-Post
--------------------+---------------------+--------------+--------------------+-----------+----------------------
 00:00:54(00:01:08) |  00:00:00(00:00:00) |   0.0(  0.0) |   18:40:30 (Jul24) |  957.2 MB | PBS_Generic-Postgen HBO Optimizations
--------------------+---------------------+--------------+--------------------+-----------+----------------------
Number of threads: 8 * 1   (id: pbs_debug, time_info v1.57)
Info: (*N*) indicates data that was populated from previously saved time_info database
Info: CPU time includes time of parent + longest thread
##>=================== Cadence Confidential (Generic-Logical) ===================
##>=================== Cadence Confidential (Generic-Logical) ===================
##>Main Thread Summary:
##>----------------------------------------------------------------------------------------
##>STEP                           Elapsed       WNS       TNS     Insts      Area    Memory
##>----------------------------------------------------------------------------------------
##>G:Initial                            0         -         -     13241     30307       530
##>G:Setup                              0         -         -         -         -         -
##>G:Launch ST                          0         -         -         -         -         -
##>G:Design Partition                   0         -         -         -         -         -
##>G:Create Partition Netlists          0         -         -         -         -         -
##>G:Init Power                         0         -         -         -         -         -
##>G:Budgeting                          0         -         -         -         -         -
##>G:Derenv-DB                          0         -         -         -         -         -
##>G:Debug Outputs                      0         -         -         -         -         -
##>G:ST loading                         0         -         -         -         -         -
##>G:Distributed                        0         -         -         -         -         -
##>G:Timer                              0         -         -         -         -         -
##>G:Assembly                           0         -         -         -         -         -
##>G:DFT                                0         -         -         -         -         -
##>G:Const Prop                         0         -         -     17365     29135       957
##>G:Misc                              41
##>----------------------------------------------------------------------------------------
##>Total Elapsed                       41
##>========================================================================================
Info    : Done synthesizing. [SYNTH-2]
        : Done synthesizing 'sha256' to generic gates.
      flow.cputime  flow.realtime  timing.setup.tns  timing.setup.wns  snapshot
UM:*                                                                   syn_gen
@file(genus.tcl) 26: syn_map
##Generic Timing Info for library domain: _default_ typical gate delay: 20.2 ps std_slew: 4.3 ps std_load: 1.0 fF
Current PLE settings:

Aspect ratio        : 1.000
Shrink factor       : 1.000
Scale of res/length : 1.000
Scale of cap/length : 1.000
Net derating factor : 1.000
Thermal factor      : 1.000
Via Resistance      : 10.000 ohm (from qrc_tech_file)
Site size           : 1.224 um (from lef [tech+cell])

                                   Capacitance    
  Layer                             / Length           Data source:
Name        Direction Utilization  (pF/micron)         qrc_tech_file
--------------------------------------------------
LISD            V         0.00        0.000041    
M1              H         1.00        0.000054    
M2              V         1.00        0.000051    
M3              H         1.00        0.000050    
M4              V         1.00        0.000053    
M5              H         1.00        0.000052    
M6              V         1.00        0.000053    
M7              H         1.00        0.000052    
M8              V         1.00        0.000054    
M9              H         1.00        0.000052 ** 

** = 'M9' is dropped because its width (8) is too large (threshold 2)

                                    Resistance     
  Layer                              / Length           Data source:
Name        Direction Utilization  (ohm/micron)         qrc_tech_file
---------------------------------------------------
LISD            V         0.00        10.000000    
M1              H         1.00        16.955556    
M2              V         1.00        16.955556    
M3              H         1.00        15.011111    
M4              V         1.00        10.791667    
M5              H         1.00         9.712500    
M6              V         1.00         7.021875    
M7              H         1.00         7.021875    
M8              V         1.00         5.115000    
M9              H         1.00         3.920000 ** 

** = 'M9' is dropped because its width (8) is too large (threshold 2)

                                        Area       
  Layer                               / Length          Data source:
Name        Direction Utilization     (micron)          lef_library
---------------------------------------------------
M1              V         0.00         0.072000    
M2              H         1.00         0.072000    
M3              V         1.00         0.072000    
M4              H         1.00         0.096000    
M5              V         1.00         0.096000    
M6              H         1.00         0.128000    
M7              V         1.00         0.128000    
M8              H         1.00         0.160000    
M9              V         1.00         0.160000    
Pad             H         1.00         8.000000 ** 

** = 'Pad' is dropped because its width (8) is too large (threshold 2)

Info    : Mapping. [SYNTH-4]
        : Mapping 'sha256' using 'high' effort.
Mapper: Libraries have:
	domain _default_: 167 combo usable cells and 23 sequential usable cells
Configuring mapper costing (none)
TNS Restructuring config: no_value at stage: map applied.
PBS_TechMap-Start - Elapsed_Time 0, CPU_Time 0.0
stamp 'PBS_TechMap-Start' being created for table 'pbs_debug'

  Total Time (Wall) |  Stage Time (Wall)  |   % (Wall)   |    Date - Time     |  Memory   | Stage
--------------------+---------------------+--------------+--------------------+-----------+----------------------
 00:00:12(00:00:27) |  00:00:00(00:00:00) |   0.0(  0.0) |   18:39:49 (Jul24) |  530.8 MB | PBS_Generic-Start
--------------------+---------------------+--------------+--------------------+-----------+----------------------
 00:00:54(00:01:08) |  00:00:42(00:00:41) |  97.7( 97.6) |   18:40:30 (Jul24) |  957.2 MB | PBS_Generic_Opt-Post
--------------------+---------------------+--------------+--------------------+-----------+----------------------
 00:00:54(00:01:08) |  00:00:00(00:00:00) |   0.0(  0.0) |   18:40:30 (Jul24) |  957.2 MB | PBS_Generic-Postgen HBO Optimizations
--------------------+---------------------+--------------+--------------------+-----------+----------------------
 00:00:55(00:01:09) |  00:00:01(00:00:01) |   2.3(  2.4) |   18:40:31 (Jul24) |  957.2 MB | PBS_TechMap-Start
--------------------+---------------------+--------------+--------------------+-----------+----------------------
Number of threads: 8 * 1   (id: pbs_debug, time_info v1.57)
Info: (*N*) indicates data that was populated from previously saved time_info database
Info: CPU time includes time of parent + longest thread
PBS_TechMap-Premap HBO Optimizations - Elapsed_Time 0, CPU_Time 0.0
stamp 'PBS_TechMap-Premap HBO Optimizations' being created for table 'pbs_debug'

  Total Time (Wall) |  Stage Time (Wall)  |   % (Wall)   |    Date - Time     |  Memory   | Stage
--------------------+---------------------+--------------+--------------------+-----------+----------------------
 00:00:12(00:00:27) |  00:00:00(00:00:00) |   0.0(  0.0) |   18:39:49 (Jul24) |  530.8 MB | PBS_Generic-Start
--------------------+---------------------+--------------+--------------------+-----------+----------------------
 00:00:54(00:01:08) |  00:00:42(00:00:41) |  97.7( 97.6) |   18:40:30 (Jul24) |  957.2 MB | PBS_Generic_Opt-Post
--------------------+---------------------+--------------+--------------------+-----------+----------------------
 00:00:54(00:01:08) |  00:00:00(00:00:00) |   0.0(  0.0) |   18:40:30 (Jul24) |  957.2 MB | PBS_Generic-Postgen HBO Optimizations
--------------------+---------------------+--------------+--------------------+-----------+----------------------
 00:00:55(00:01:09) |  00:00:01(00:00:01) |   2.3(  2.4) |   18:40:31 (Jul24) |  957.2 MB | PBS_TechMap-Start
--------------------+---------------------+--------------+--------------------+-----------+----------------------
 00:00:55(00:01:09) |  00:00:00(00:00:00) |   0.0(  0.0) |   18:40:31 (Jul24) |  957.2 MB | PBS_TechMap-Premap HBO Optimizations
--------------------+---------------------+--------------+--------------------+-----------+----------------------
Number of threads: 8 * 1   (id: pbs_debug, time_info v1.57)
Info: (*N*) indicates data that was populated from previously saved time_info database
Info: CPU time includes time of parent + longest thread
Info    : Partition Based Synthesis execution skipped. [PHYS-752]
        : Design size is less than the partition size '100000' for distributed mapping optimization to kick in.
Current PLE settings:

Aspect ratio        : 1.000
Shrink factor       : 1.000
Scale of res/length : 1.000
Scale of cap/length : 1.000
Net derating factor : 1.000
Thermal factor      : 1.000
Via Resistance      : 10.000 ohm (from qrc_tech_file)
Site size           : 1.224 um (from lef [tech+cell])

                                   Capacitance    
  Layer                             / Length           Data source:
Name        Direction Utilization  (pF/micron)         qrc_tech_file
--------------------------------------------------
LISD            V         0.00        0.000041    
M1              H         1.00        0.000054    
M2              V         1.00        0.000051    
M3              H         1.00        0.000050    
M4              V         1.00        0.000053    
M5              H         1.00        0.000052    
M6              V         1.00        0.000053    
M7              H         1.00        0.000052    
M8              V         1.00        0.000054    
M9              H         1.00        0.000052 ** 

** = 'M9' is dropped because its width (8) is too large (threshold 2)

                                    Resistance     
  Layer                              / Length           Data source:
Name        Direction Utilization  (ohm/micron)         qrc_tech_file
---------------------------------------------------
LISD            V         0.00        10.000000    
M1              H         1.00        16.955556    
M2              V         1.00        16.955556    
M3              H         1.00        15.011111    
M4              V         1.00        10.791667    
M5              H         1.00         9.712500    
M6              V         1.00         7.021875    
M7              H         1.00         7.021875    
M8              V         1.00         5.115000    
M9              H         1.00         3.920000 ** 

** = 'M9' is dropped because its width (8) is too large (threshold 2)

                                        Area       
  Layer                               / Length          Data source:
Name        Direction Utilization     (micron)          lef_library
---------------------------------------------------
M1              V         0.00         0.072000    
M2              H         1.00         0.072000    
M3              V         1.00         0.072000    
M4              H         1.00         0.096000    
M5              V         1.00         0.096000    
M6              H         1.00         0.128000    
M7              V         1.00         0.128000    
M8              H         1.00         0.160000    
M9              V         1.00         0.160000    
Pad             H         1.00         8.000000 ** 

** = 'Pad' is dropped because its width (8) is too large (threshold 2)

Mapper: Libraries have:
	domain _default_: 167 combo usable cells and 23 sequential usable cells
Multi-threaded Virtual Mapping    (8 threads per ST process, 8 of 32 CPUs usable)
 
Global mapping target info
==========================
Cost Group 'clk' target slack:    29 ps
Target path end-point (Pin: core/a_reg_reg[31]/d)

Multi-threaded Technology Mapping (8 threads per ST process, 8 of 32 CPUs usable)
 
Global mapping status
=====================
                                   Group   
                                  Tot Wrst 
                           Total  Weighted 
Operation                   Area   Slacks  
 global_map                31761        0 

    Cost Group            Target    Slack    Diff.  Constr.
-----------------------------------------------------------
           clk                29       84              1000 

 
Global incremental target info
==============================
Cost Group 'clk' target slack:    20 ps
Target path end-point (Pin: core/e_reg_reg[30]/D (DFFASRHQNx1_ASAP7_75t_L/D))

==================================
Stage : global_incr_map 
==================================
  =================
   Message Summary
  =================
---------------------------------------------------------------------------------------------------
|    Id    |Sev  |Count |                              Message Text                               |
---------------------------------------------------------------------------------------------------
| LBR-155  |Info |    2 |Mismatch in unateness between 'timing_sense' attribute and the function. |
|          |     |      |The 'timing_sense' attribute will be respected.                          |
| PA-7     |Info |   30 |Resetting power analysis results.                                        |
|          |     |      |All computed switching activities are removed.                           |
| PHYS-752 |Info |    1 |Partition Based Synthesis execution skipped.                             |
| SYNTH-2  |Info |    1 |Done synthesizing.                                                       |
| SYNTH-4  |Info |    1 |Mapping.                                                                 |
---------------------------------------------------------------------------------------------------
 
Global incremental optimization status
======================================
                                   Group   
                                  Tot Wrst 
                           Total  Weighted 
Operation                   Area   Slacks  
 global_incr               29018        0 

    Cost Group            Target    Slack    Diff.  Constr.
-----------------------------------------------------------
           clk                20       39              1000 


State Retention Synthesis Status
================================

Category                        Flops   Percentage
--------------------------------------------------
Total instances                  1806        100.0
Excluded from State Retention    1806        100.0
    - Will not convert           1806        100.0
      - Preserved                   0          0.0
      - Power intent excluded    1806        100.0
    - Could not convert             0          0.0
      - Scan type                   0          0.0
      - No suitable cell            0          0.0
State Retention instances           0          0.0
--------------------------------------------------

INFO: skipping constant propagation
PBS_Techmap-Global Mapping - Elapsed_Time 42, CPU_Time 43.49570799999999
stamp 'PBS_Techmap-Global Mapping' being created for table 'pbs_debug'

  Total Time (Wall) |  Stage Time (Wall)  |   % (Wall)   |    Date - Time     |  Memory   | Stage
--------------------+---------------------+--------------+--------------------+-----------+----------------------
 00:00:12(00:00:27) |  00:00:00(00:00:00) |   0.0(  0.0) |   18:39:49 (Jul24) |  530.8 MB | PBS_Generic-Start
--------------------+---------------------+--------------+--------------------+-----------+----------------------
 00:00:54(00:01:08) |  00:00:42(00:00:41) |  48.7( 48.8) |   18:40:30 (Jul24) |  957.2 MB | PBS_Generic_Opt-Post
--------------------+---------------------+--------------+--------------------+-----------+----------------------
 00:00:54(00:01:08) |  00:00:00(00:00:00) |   0.0(  0.0) |   18:40:30 (Jul24) |  957.2 MB | PBS_Generic-Postgen HBO Optimizations
--------------------+---------------------+--------------+--------------------+-----------+----------------------
 00:00:55(00:01:09) |  00:00:01(00:00:01) |   1.2(  1.2) |   18:40:31 (Jul24) |  957.2 MB | PBS_TechMap-Start
--------------------+---------------------+--------------+--------------------+-----------+----------------------
 00:00:55(00:01:09) |  00:00:00(00:00:00) |   0.0(  0.0) |   18:40:31 (Jul24) |  957.2 MB | PBS_TechMap-Premap HBO Optimizations
--------------------+---------------------+--------------+--------------------+-----------+----------------------
 00:01:38(00:01:51) |  00:00:43(00:00:42) |  50.1( 50.0) |   18:41:13 (Jul24) |  951.0 MB | PBS_Techmap-Global Mapping
--------------------+---------------------+--------------+--------------------+-----------+----------------------
Number of threads: 8 * 1   (id: pbs_debug, time_info v1.57)
Info: (*N*) indicates data that was populated from previously saved time_info database
Info: CPU time includes time of parent + longest thread
Warning : Command 'commit_power_intent' cannot proceed as there is no power intent loaded. [CPI-506]
        : Command 'commit_power_intent' requires a valid power_intent to be loaded.
Info    : Wrote formal verification information. [CFM-5]
        : Wrote 'fv/sha256/fv_map.fv.json' for netlist 'fv/sha256/fv_map.v.gz'.
Info    : Wrote dofile. [CFM-1]
        : Dofile is 'fv/sha256/rtl_to_fv_map.do'.
        : Alias mapping flow is enabled.
PBS_TechMap-Datapath Postmap Operations - Elapsed_Time 2, CPU_Time 2.9094130000000007
stamp 'PBS_TechMap-Datapath Postmap Operations' being created for table 'pbs_debug'

  Total Time (Wall) |  Stage Time (Wall)  |   % (Wall)   |    Date - Time     |  Memory   | Stage
--------------------+---------------------+--------------+--------------------+-----------+----------------------
 00:00:12(00:00:27) |  00:00:00(00:00:00) |   0.0(  0.0) |   18:39:49 (Jul24) |  530.8 MB | PBS_Generic-Start
--------------------+---------------------+--------------+--------------------+-----------+----------------------
 00:00:54(00:01:08) |  00:00:42(00:00:41) |  47.1( 47.7) |   18:40:30 (Jul24) |  957.2 MB | PBS_Generic_Opt-Post
--------------------+---------------------+--------------+--------------------+-----------+----------------------
 00:00:54(00:01:08) |  00:00:00(00:00:00) |   0.0(  0.0) |   18:40:30 (Jul24) |  957.2 MB | PBS_Generic-Postgen HBO Optimizations
--------------------+---------------------+--------------+--------------------+-----------+----------------------
 00:00:55(00:01:09) |  00:00:01(00:00:01) |   1.1(  1.2) |   18:40:31 (Jul24) |  957.2 MB | PBS_TechMap-Start
--------------------+---------------------+--------------+--------------------+-----------+----------------------
 00:00:55(00:01:09) |  00:00:00(00:00:00) |   0.0(  0.0) |   18:40:31 (Jul24) |  957.2 MB | PBS_TechMap-Premap HBO Optimizations
--------------------+---------------------+--------------+--------------------+-----------+----------------------
 00:01:38(00:01:51) |  00:00:43(00:00:42) |  48.5( 48.8) |   18:41:13 (Jul24) |  951.0 MB | PBS_Techmap-Global Mapping
--------------------+---------------------+--------------+--------------------+-----------+----------------------
 00:01:41(00:01:53) |  00:00:02(00:00:02) |   3.2(  2.3) |   18:41:15 (Jul24) |  949.5 MB | PBS_TechMap-Datapath Postmap Operations
--------------------+---------------------+--------------+--------------------+-----------+----------------------
Number of threads: 8 * 1   (id: pbs_debug, time_info v1.57)
Info: (*N*) indicates data that was populated from previously saved time_info database
Info: CPU time includes time of parent + longest thread
PBS_TechMap-Postmap HBO Optimizations - Elapsed_Time 1, CPU_Time -0.08583400000000552
stamp 'PBS_TechMap-Postmap HBO Optimizations' being created for table 'pbs_debug'

  Total Time (Wall) |  Stage Time (Wall)  |   % (Wall)   |    Date - Time     |  Memory   | Stage
--------------------+---------------------+--------------+--------------------+-----------+----------------------
 00:00:12(00:00:27) |  00:00:00(00:00:00) |   0.0(  0.0) |   18:39:49 (Jul24) |  530.8 MB | PBS_Generic-Start
--------------------+---------------------+--------------+--------------------+-----------+----------------------
 00:00:54(00:01:08) |  00:00:42(00:00:41) |  47.2( 47.1) |   18:40:30 (Jul24) |  957.2 MB | PBS_Generic_Opt-Post
--------------------+---------------------+--------------+--------------------+-----------+----------------------
 00:00:54(00:01:08) |  00:00:00(00:00:00) |   0.0(  0.0) |   18:40:30 (Jul24) |  957.2 MB | PBS_Generic-Postgen HBO Optimizations
--------------------+---------------------+--------------+--------------------+-----------+----------------------
 00:00:55(00:01:09) |  00:00:01(00:00:01) |   1.1(  1.1) |   18:40:31 (Jul24) |  957.2 MB | PBS_TechMap-Start
--------------------+---------------------+--------------+--------------------+-----------+----------------------
 00:00:55(00:01:09) |  00:00:00(00:00:00) |   0.0(  0.0) |   18:40:31 (Jul24) |  957.2 MB | PBS_TechMap-Premap HBO Optimizations
--------------------+---------------------+--------------+--------------------+-----------+----------------------
 00:01:38(00:01:51) |  00:00:43(00:00:42) |  48.5( 48.3) |   18:41:13 (Jul24) |  951.0 MB | PBS_Techmap-Global Mapping
--------------------+---------------------+--------------+--------------------+-----------+----------------------
 00:01:41(00:01:53) |  00:00:02(00:00:02) |   3.2(  2.3) |   18:41:15 (Jul24) |  949.5 MB | PBS_TechMap-Datapath Postmap Operations
--------------------+---------------------+--------------+--------------------+-----------+----------------------
 00:01:41(00:01:54) |  00:00:00(00:00:01) |  -0.1(  1.1) |   18:41:16 (Jul24) |  949.5 MB | PBS_TechMap-Postmap HBO Optimizations
--------------------+---------------------+--------------+--------------------+-----------+----------------------
Number of threads: 8 * 1   (id: pbs_debug, time_info v1.57)
Info: (*N*) indicates data that was populated from previously saved time_info database
Info: CPU time includes time of parent + longest thread
 Doing ConstProp on design:sha256 ... 

Time taken by ConstProp Step: 00:00:00
PBS_TechMap-Postmap Clock Gating - Elapsed_Time 0, CPU_Time 0.0
stamp 'PBS_TechMap-Postmap Clock Gating' being created for table 'pbs_debug'

  Total Time (Wall) |  Stage Time (Wall)  |   % (Wall)   |    Date - Time     |  Memory   | Stage
--------------------+---------------------+--------------+--------------------+-----------+----------------------
 00:00:12(00:00:27) |  00:00:00(00:00:00) |   0.0(  0.0) |   18:39:49 (Jul24) |  530.8 MB | PBS_Generic-Start
--------------------+---------------------+--------------+--------------------+-----------+----------------------
 00:00:54(00:01:08) |  00:00:42(00:00:41) |  47.2( 47.1) |   18:40:30 (Jul24) |  957.2 MB | PBS_Generic_Opt-Post
--------------------+---------------------+--------------+--------------------+-----------+----------------------
 00:00:54(00:01:08) |  00:00:00(00:00:00) |   0.0(  0.0) |   18:40:30 (Jul24) |  957.2 MB | PBS_Generic-Postgen HBO Optimizations
--------------------+---------------------+--------------+--------------------+-----------+----------------------
 00:00:55(00:01:09) |  00:00:01(00:00:01) |   1.1(  1.1) |   18:40:31 (Jul24) |  957.2 MB | PBS_TechMap-Start
--------------------+---------------------+--------------+--------------------+-----------+----------------------
 00:00:55(00:01:09) |  00:00:00(00:00:00) |   0.0(  0.0) |   18:40:31 (Jul24) |  957.2 MB | PBS_TechMap-Premap HBO Optimizations
--------------------+---------------------+--------------+--------------------+-----------+----------------------
 00:01:38(00:01:51) |  00:00:43(00:00:42) |  48.5( 48.3) |   18:41:13 (Jul24) |  951.0 MB | PBS_Techmap-Global Mapping
--------------------+---------------------+--------------+--------------------+-----------+----------------------
 00:01:41(00:01:53) |  00:00:02(00:00:02) |   3.2(  2.3) |   18:41:15 (Jul24) |  949.5 MB | PBS_TechMap-Datapath Postmap Operations
--------------------+---------------------+--------------+--------------------+-----------+----------------------
 00:01:41(00:01:54) |  00:00:00(00:00:01) |  -0.1(  1.1) |   18:41:16 (Jul24) |  949.5 MB | PBS_TechMap-Postmap HBO Optimizations
--------------------+---------------------+--------------+--------------------+-----------+----------------------
 00:01:41(00:01:54) |  00:00:00(00:00:00) |   0.0(  0.0) |   18:41:16 (Jul24) |  949.5 MB | PBS_TechMap-Postmap Clock Gating
--------------------+---------------------+--------------+--------------------+-----------+----------------------
Number of threads: 8 * 1   (id: pbs_debug, time_info v1.57)
Info: (*N*) indicates data that was populated from previously saved time_info database
Info: CPU time includes time of parent + longest thread
-------------------------------------------------------------------------------
 hi_fo_buf                 29311        0         0         0        0

           Trick     Calls     Accepts   Attempts    Time(secs) 
-----------------------------------------------------------
       hi_fo_buf         9  (        9 /        9 )  0.46

 
Incremental optimization status
===============================
                                   Group   
                                  Tot Wrst     Total - - DRC Totals - -
                           Total  Weighted      Neg      Max       Max 
Operation                   Area   Slacks      Slack    Trans      Cap 
 init_delay                29311        0         0         0        0

           Trick     Calls     Accepts   Attempts    Time(secs) 
-----------------------------------------------------------
       crit_upsz         0  (        0 /        0 )  0.00
    plc_bal_star         0  (        0 /        0 )  0.00
     drc_buftimb         0  (        0 /        0 )  0.00
          plc_st         0  (        0 /        0 )  0.00
    plc_st_fence         0  (        0 /        0 )  0.00
        plc_star         0  (        0 /        0 )  0.00
      plc_laf_st         0  (        0 /        0 )  0.00
 plc_laf_st_fence         0  (        0 /        0 )  0.00
     drc_buftims         0  (        0 /        0 )  0.00
            fopt         0  (        0 /        0 )  0.00
   plc_laf_lo_st         0  (        0 /        0 )  0.00
       plc_lo_st         0  (        0 /        0 )  0.00
        mb_split         0  (        0 /        0 )  0.00

 
Local TNS optimization status
=============================
                                   Group   
                                  Tot Wrst     Total - - DRC Totals - -
                           Total  Weighted      Neg      Max       Max 
Operation                   Area   Slacks      Slack    Trans      Cap 
 init_tns                  29311        0         0         0        0

           Trick     Calls     Accepts   Attempts    Time(secs) 
-----------------------------------------------------------
    plc_bal_star         0  (        0 /        0 )  0.00
     drc_buftimb         0  (        0 /        0 )  0.00
     drc_buftims         0  (        0 /        0 )  0.00
       crit_upsz         0  (        0 /        0 )  0.00
   plc_laf_lo_st         0  (        0 /        0 )  0.00
       plc_lo_st         0  (        0 /        0 )  0.00
            fopt         0  (        0 /        0 )  0.00
       crit_dnsz         0  (        0 /        0 )  0.00
             dup         0  (        0 /        0 )  0.00
        setup_dn         0  (        0 /        0 )  0.00
        mb_split         0  (        0 /        0 )  0.00

PBS_TechMap-Postmap Cleanup - Elapsed_Time 1, CPU_Time 1.887943000000007
stamp 'PBS_TechMap-Postmap Cleanup' being created for table 'pbs_debug'

  Total Time (Wall) |  Stage Time (Wall)  |   % (Wall)   |    Date - Time     |  Memory   | Stage
--------------------+---------------------+--------------+--------------------+-----------+----------------------
 00:00:12(00:00:27) |  00:00:00(00:00:00) |   0.0(  0.0) |   18:39:49 (Jul24) |  530.8 MB | PBS_Generic-Start
--------------------+---------------------+--------------+--------------------+-----------+----------------------
 00:00:54(00:01:08) |  00:00:42(00:00:41) |  46.2( 46.6) |   18:40:30 (Jul24) |  957.2 MB | PBS_Generic_Opt-Post
--------------------+---------------------+--------------+--------------------+-----------+----------------------
 00:00:54(00:01:08) |  00:00:00(00:00:00) |   0.0(  0.0) |   18:40:30 (Jul24) |  957.2 MB | PBS_Generic-Postgen HBO Optimizations
--------------------+---------------------+--------------+--------------------+-----------+----------------------
 00:00:55(00:01:09) |  00:00:01(00:00:01) |   1.1(  1.1) |   18:40:31 (Jul24) |  957.2 MB | PBS_TechMap-Start
--------------------+---------------------+--------------+--------------------+-----------+----------------------
 00:00:55(00:01:09) |  00:00:00(00:00:00) |   0.0(  0.0) |   18:40:31 (Jul24) |  957.2 MB | PBS_TechMap-Premap HBO Optimizations
--------------------+---------------------+--------------+--------------------+-----------+----------------------
 00:01:38(00:01:51) |  00:00:43(00:00:42) |  47.5( 47.7) |   18:41:13 (Jul24) |  951.0 MB | PBS_Techmap-Global Mapping
--------------------+---------------------+--------------+--------------------+-----------+----------------------
 00:01:41(00:01:53) |  00:00:02(00:00:02) |   3.2(  2.3) |   18:41:15 (Jul24) |  949.5 MB | PBS_TechMap-Datapath Postmap Operations
--------------------+---------------------+--------------+--------------------+-----------+----------------------
 00:01:41(00:01:54) |  00:00:00(00:00:01) |  -0.1(  1.1) |   18:41:16 (Jul24) |  949.5 MB | PBS_TechMap-Postmap HBO Optimizations
--------------------+---------------------+--------------+--------------------+-----------+----------------------
 00:01:41(00:01:54) |  00:00:00(00:00:00) |   0.0(  0.0) |   18:41:16 (Jul24) |  949.5 MB | PBS_TechMap-Postmap Clock Gating
--------------------+---------------------+--------------+--------------------+-----------+----------------------
 00:01:43(00:01:55) |  00:00:01(00:00:01) |   2.1(  1.1) |   18:41:17 (Jul24) |  949.5 MB | PBS_TechMap-Postmap Cleanup
--------------------+---------------------+--------------+--------------------+-----------+----------------------
Number of threads: 8 * 1   (id: pbs_debug, time_info v1.57)
Info: (*N*) indicates data that was populated from previously saved time_info database
Info: CPU time includes time of parent + longest thread
PBS_Techmap-Post_MBCI - Elapsed_Time 0, CPU_Time 0.0
stamp 'PBS_Techmap-Post_MBCI' being created for table 'pbs_debug'

  Total Time (Wall) |  Stage Time (Wall)  |   % (Wall)   |    Date - Time     |  Memory   | Stage
--------------------+---------------------+--------------+--------------------+-----------+----------------------
 00:00:12(00:00:27) |  00:00:00(00:00:00) |   0.0(  0.0) |   18:39:49 (Jul24) |  530.8 MB | PBS_Generic-Start
--------------------+---------------------+--------------+--------------------+-----------+----------------------
 00:00:54(00:01:08) |  00:00:42(00:00:41) |  46.2( 46.6) |   18:40:30 (Jul24) |  957.2 MB | PBS_Generic_Opt-Post
--------------------+---------------------+--------------+--------------------+-----------+----------------------
 00:00:54(00:01:08) |  00:00:00(00:00:00) |   0.0(  0.0) |   18:40:30 (Jul24) |  957.2 MB | PBS_Generic-Postgen HBO Optimizations
--------------------+---------------------+--------------+--------------------+-----------+----------------------
 00:00:55(00:01:09) |  00:00:01(00:00:01) |   1.1(  1.1) |   18:40:31 (Jul24) |  957.2 MB | PBS_TechMap-Start
--------------------+---------------------+--------------+--------------------+-----------+----------------------
 00:00:55(00:01:09) |  00:00:00(00:00:00) |   0.0(  0.0) |   18:40:31 (Jul24) |  957.2 MB | PBS_TechMap-Premap HBO Optimizations
--------------------+---------------------+--------------+--------------------+-----------+----------------------
 00:01:38(00:01:51) |  00:00:43(00:00:42) |  47.5( 47.7) |   18:41:13 (Jul24) |  951.0 MB | PBS_Techmap-Global Mapping
--------------------+---------------------+--------------+--------------------+-----------+----------------------
 00:01:41(00:01:53) |  00:00:02(00:00:02) |   3.2(  2.3) |   18:41:15 (Jul24) |  949.5 MB | PBS_TechMap-Datapath Postmap Operations
--------------------+---------------------+--------------+--------------------+-----------+----------------------
 00:01:41(00:01:54) |  00:00:00(00:00:01) |  -0.1(  1.1) |   18:41:16 (Jul24) |  949.5 MB | PBS_TechMap-Postmap HBO Optimizations
--------------------+---------------------+--------------+--------------------+-----------+----------------------
 00:01:41(00:01:54) |  00:00:00(00:00:00) |   0.0(  0.0) |   18:41:16 (Jul24) |  949.5 MB | PBS_TechMap-Postmap Clock Gating
--------------------+---------------------+--------------+--------------------+-----------+----------------------
 00:01:43(00:01:55) |  00:00:01(00:00:01) |   2.1(  1.1) |   18:41:17 (Jul24) |  949.5 MB | PBS_TechMap-Postmap Cleanup
--------------------+---------------------+--------------+--------------------+-----------+----------------------
 00:01:43(00:01:55) |  00:00:00(00:00:00) |   0.0(  0.0) |   18:41:17 (Jul24) |  949.5 MB | PBS_Techmap-Post_MBCI
--------------------+---------------------+--------------+--------------------+-----------+----------------------
Number of threads: 8 * 1   (id: pbs_debug, time_info v1.57)
Info: (*N*) indicates data that was populated from previously saved time_info database
Info: CPU time includes time of parent + longest thread
##>=================== Cadence Confidential (Mapping-Logical) ===================
##>Main Thread Summary:
##>----------------------------------------------------------------------------------------
##>STEP                           Elapsed       WNS       TNS     Insts      Area    Memory
##>----------------------------------------------------------------------------------------
##>M:Initial                            0         -         -     17365     29135       957
##>M:Pre Cleanup                        0         -         -     17365     29135       957
##>M:Setup                              0         -         -         -         -         -
##>M:Launch ST                          0         -         -         -         -         -
##>M:Design Partition                   0         -         -         -         -         -
##>M:Create Partition Netlists          0         -         -         -         -         -
##>M:Init Power                         0         -         -         -         -         -
##>M:Budgeting                          0         -         -         -         -         -
##>M:Derenv-DB                          0         -         -         -         -         -
##>M:Debug Outputs                      0         -         -         -         -         -
##>M:ST loading                         0         -         -         -         -         -
##>M:Distributed                        0         -         -         -         -         -
##>M:Timer                              0         -         -         -         -         -
##>M:Assembly                           0         -         -         -         -         -
##>M:DFT                                0         -         -         -         -         -
##>M:DP Operations                      2         -         -      8640     21183       949
##>M:Const Prop                         0        39         0      8640     21183       949
##>M:Cleanup                            1        39         0      8750     21421       949
##>M:MBCI                               0         -         -      8750     21421       949
##>M:Const Gate Removal                 0         -         -         -         -         -
##>M:Misc                              43
##>----------------------------------------------------------------------------------------
##>Total Elapsed                       46
##>========================================================================================
Info    : Done mapping. [SYNTH-5]
        : Done mapping 'sha256'.
      flow.cputime  flow.realtime  timing.setup.tns  timing.setup.wns  snapshot
UM:*                                                                   syn_map
@file(genus.tcl) 27: syn_opt
Current PLE settings:

Aspect ratio        : 1.000
Shrink factor       : 1.000
Scale of res/length : 1.000
Scale of cap/length : 1.000
Net derating factor : 1.000
Thermal factor      : 1.000
Via Resistance      : 10.000 ohm (from qrc_tech_file)
Site size           : 1.224 um (from lef [tech+cell])

                                   Capacitance    
  Layer                             / Length           Data source:
Name        Direction Utilization  (pF/micron)         qrc_tech_file
--------------------------------------------------
LISD            V         0.00        0.000041    
M1              H         1.00        0.000054    
M2              V         1.00        0.000051    
M3              H         1.00        0.000050    
M4              V         1.00        0.000053    
M5              H         1.00        0.000052    
M6              V         1.00        0.000053    
M7              H         1.00        0.000052    
M8              V         1.00        0.000054    
M9              H         1.00        0.000052 ** 

** = 'M9' is dropped because its width (8) is too large (threshold 2)

                                    Resistance     
  Layer                              / Length           Data source:
Name        Direction Utilization  (ohm/micron)         qrc_tech_file
---------------------------------------------------
LISD            V         0.00        10.000000    
M1              H         1.00        16.955556    
M2              V         1.00        16.955556    
M3              H         1.00        15.011111    
M4              V         1.00        10.791667    
M5              H         1.00         9.712500    
M6              V         1.00         7.021875    
M7              H         1.00         7.021875    
M8              V         1.00         5.115000    
M9              H         1.00         3.920000 ** 

** = 'M9' is dropped because its width (8) is too large (threshold 2)

                                        Area       
  Layer                               / Length          Data source:
Name        Direction Utilization     (micron)          lef_library
---------------------------------------------------
M1              V         0.00         0.072000    
M2              H         1.00         0.072000    
M3              V         1.00         0.072000    
M4              H         1.00         0.096000    
M5              V         1.00         0.096000    
M6              H         1.00         0.128000    
M7              V         1.00         0.128000    
M8              H         1.00         0.160000    
M9              V         1.00         0.160000    
Pad             H         1.00         8.000000 ** 

** = 'Pad' is dropped because its width (8) is too large (threshold 2)

Info    : Incrementally optimizing. [SYNTH-7]
        : Incrementally optimizing 'sha256' using 'high' effort.
 
Incremental optimization status
===============================
                                   Group   
                                  Tot Wrst     Total - - DRC Totals - -
                           Total  Weighted      Neg      Max       Max 
Operation                   Area   Slacks      Slack    Trans      Cap 
 init_iopt                 29311        0         0         0        0
-------------------------------------------------------------------------------
 const_prop                29311        0         0         0        0
 simp_cc_inputs            29298        0         0         0        0
-------------------------------------------------------------------------------
 hi_fo_buf                 29298        0         0         0        0

           Trick     Calls     Accepts   Attempts    Time(secs) 
-----------------------------------------------------------
       hi_fo_buf         0  (        0 /        0 )  0.00

 
Incremental optimization status
===============================
                                   Group   
                                  Tot Wrst     Total - - DRC Totals - -
                           Total  Weighted      Neg      Max       Max 
Operation                   Area   Slacks      Slack    Trans      Cap 
 init_delay                29298        0         0         0        0

           Trick     Calls     Accepts   Attempts    Time(secs) 
-----------------------------------------------------------
        crit_msz         0  (        0 /        0 )  0.00
       crit_upsz         0  (        0 /        0 )  0.00
       crit_slew         0  (        0 /        0 )  0.00
        setup_dn         0  (        0 /        0 )  0.00
    plc_bal_star         0  (        0 /        0 )  0.00
     drc_buftimb         0  (        0 /        0 )  0.00
          plc_st         0  (        0 /        0 )  0.00
    plc_st_fence         0  (        0 /        0 )  0.00
        plc_star         0  (        0 /        0 )  0.00
      plc_laf_st         0  (        0 /        0 )  0.00
 plc_laf_st_fence         0  (        0 /        0 )  0.00
     drc_buftims         0  (        0 /        0 )  0.00
   plc_laf_lo_st         0  (        0 /        0 )  0.00
       plc_lo_st         0  (        0 /        0 )  0.00
            fopt         0  (        0 /        0 )  0.00
       crit_swap         0  (        0 /        0 )  0.00
       mux2_swap         0  (        0 /        0 )  0.00
       crit_dnsz         0  (        0 /        0 )  0.00
       load_swap         0  (        0 /        0 )  0.00
            fopt         0  (        0 /        0 )  0.00
        setup_dn         0  (        0 /        0 )  0.00
       load_isol         0  (        0 /        0 )  0.00
       load_isol         0  (        0 /        0 )  0.00
        move_for         0  (        0 /        0 )  0.00
        move_for         0  (        0 /        0 )  0.00
          rem_bi         0  (        0 /        0 )  0.00
         offload         0  (        0 /        0 )  0.00
          rem_bi         0  (        0 /        0 )  0.00
         offload         0  (        0 /        0 )  0.00
           phase         0  (        0 /        0 )  0.00
        in_phase         0  (        0 /        0 )  0.00
       merge_bit         0  (        0 /        0 )  0.00
     merge_idrvr         0  (        0 /        0 )  0.00
     merge_iload         0  (        0 /        0 )  0.00
    merge_idload         0  (        0 /        0 )  0.00
      merge_drvr         0  (        0 /        0 )  0.00
      merge_load         0  (        0 /        0 )  0.00
          decomp         0  (        0 /        0 )  0.00
        p_decomp         0  (        0 /        0 )  0.00
        levelize         0  (        0 /        0 )  0.00
        mb_split         0  (        0 /        0 )  0.00
             dup         0  (        0 /        0 )  0.00
      mux_retime         0  (        0 /        0 )  0.00
         buf2inv         0  (        0 /        0 )  0.00
             exp         0  (        0 /        0 )  0.00
       gate_deco         0  (        0 /        0 )  0.00
       gcomp_tim         0  (        0 /        0 )  0.00
  inv_pair_2_buf         0  (        0 /        0 )  0.00


           Trick     Calls     Accepts   Attempts    Time(secs) 
-----------------------------------------------------------
         crr_220         0  (        0 /        0 )  0.00
        crr_glob         0  (        0 /        0 )  0.00
         crr_200         0  (        0 /        0 )  0.00
        crr_glob         0  (        0 /        0 )  0.00
         crr_300         0  (        0 /        0 )  0.00
        crr_glob         0  (        0 /        0 )  0.00
         crr_400         0  (        0 /        0 )  0.00
        crr_glob         0  (        0 /        0 )  0.00
         crr_111         0  (        0 /        0 )  0.00
        crr_glob         0  (        0 /        0 )  0.00
         crr_210         0  (        0 /        0 )  0.00
        crr_glob         0  (        0 /        0 )  0.00
         crr_110         0  (        0 /        0 )  0.00
        crr_glob         0  (        0 /        0 )  0.00
         crr_101         0  (        0 /        0 )  0.00
        crr_glob         0  (        0 /        0 )  0.00
         crr_201         0  (        0 /        0 )  0.00
        crr_glob         0  (        0 /        0 )  0.00
         crr_211         0  (        0 /        0 )  0.00
        crr_glob         0  (        0 /        0 )  0.00
        crit_msz         0  (        0 /        0 )  0.00
       crit_upsz         0  (        0 /        0 )  0.00
       crit_slew         0  (        0 /        0 )  0.00
        setup_dn         0  (        0 /        0 )  0.00
    plc_bal_star         0  (        0 /        0 )  0.00
     drc_buftimb         0  (        0 /        0 )  0.00
          plc_st         0  (        0 /        0 )  0.00
    plc_st_fence         0  (        0 /        0 )  0.00
        plc_star         0  (        0 /        0 )  0.00
      plc_laf_st         0  (        0 /        0 )  0.00
 plc_laf_st_fence         0  (        0 /        0 )  0.00
     drc_buftims         0  (        0 /        0 )  0.00
       plc_lo_st         0  (        0 /        0 )  0.00
            fopt         0  (        0 /        0 )  0.00
       crit_swap         0  (        0 /        0 )  0.00
       mux2_swap         0  (        0 /        0 )  0.00
       crit_dnsz         0  (        0 /        0 )  0.00
       load_swap         0  (        0 /        0 )  0.00
            fopt         0  (        0 /        0 )  0.00
        setup_dn         0  (        0 /        0 )  0.00
       load_isol         0  (        0 /        0 )  0.00
       load_isol         0  (        0 /        0 )  0.00
        move_for         0  (        0 /        0 )  0.00
        move_for         0  (        0 /        0 )  0.00
          rem_bi         0  (        0 /        0 )  0.00
         offload         0  (        0 /        0 )  0.00
          rem_bi         0  (        0 /        0 )  0.00
         offload         0  (        0 /        0 )  0.00
       merge_bit         0  (        0 /        0 )  0.00
     merge_idrvr         0  (        0 /        0 )  0.00
     merge_iload         0  (        0 /        0 )  0.00
    merge_idload         0  (        0 /        0 )  0.00
      merge_drvr         0  (        0 /        0 )  0.00
      merge_load         0  (        0 /        0 )  0.00
           phase         0  (        0 /        0 )  0.00
          decomp         0  (        0 /        0 )  0.00
        p_decomp         0  (        0 /        0 )  0.00
        levelize         0  (        0 /        0 )  0.00
        mb_split         0  (        0 /        0 )  0.00
        in_phase         0  (        0 /        0 )  0.00
             dup         0  (        0 /        0 )  0.00
      mux_retime         0  (        0 /        0 )  0.00
         buf2inv         0  (        0 /        0 )  0.00
             exp         0  (        0 /        0 )  0.00
       gate_deco         0  (        0 /        0 )  0.00
       gcomp_tim         0  (        0 /        0 )  0.00
  inv_pair_2_buf         0  (        0 /        0 )  0.00
 init_drc                  29298        0         0         0        0

           Trick     Calls     Accepts   Attempts    Time(secs) 
-----------------------------------------------------------
          plc_st         0  (        0 /        0 )  0.00
        plc_star         0  (        0 /        0 )  0.00
        drc_bufs         0  (        0 /        0 )  0.00
        drc_fopt         0  (        0 /        0 )  0.00
        drc_bufb         0  (        0 /        0 )  0.00
      simple_buf         0  (        0 /        0 )  0.00
             dup         0  (        0 /        0 )  0.00
       crit_dnsz         0  (        0 /        0 )  0.00
       crit_upsz         0  (        0 /        0 )  0.00
       crit_slew         0  (        0 /        0 )  0.00


           Trick     Calls     Accepts   Attempts    Time(secs) 
-----------------------------------------------------------
          plc_st         0  (        0 /        0 )  0.00
        plc_star         0  (        0 /        0 )  0.00
      drc_buf_sp         0  (        0 /        0 )  0.00
        drc_bufs         0  (        0 /        0 )  0.00
        drc_fopt         0  (        0 /        0 )  0.00
        drc_bufb         0  (        0 /        0 )  0.00
      simple_buf         0  (        0 /        0 )  0.00
             dup         0  (        0 /        0 )  0.00
       crit_dnsz         0  (        0 /        0 )  0.00
       crit_upsz         0  (        0 /        0 )  0.00


           Trick     Calls     Accepts   Attempts    Time(secs) 
-----------------------------------------------------------
          plc_st         0  (        0 /        0 )  0.00
        plc_star         0  (        0 /        0 )  0.00
      drc_buf_sp         0  (        0 /        0 )  0.00
        drc_bufs         0  (        0 /        0 )  0.00
        drc_fopt         0  (        0 /        0 )  0.00
        drc_bufb         0  (        0 /        0 )  0.00
             dup         0  (        0 /        0 )  0.00
       crit_dnsz         0  (        0 /        0 )  0.00
       crit_upsz         0  (        0 /        0 )  0.00

 init_tns                  29298        0         0         0        0

           Trick     Calls     Accepts   Attempts    Time(secs) 
-----------------------------------------------------------
            fopt         0  (        0 /        0 )  0.00
    plc_bal_star         0  (        0 /        0 )  0.00
     drc_buftimb         0  (        0 /        0 )  0.00
     drc_buftims         0  (        0 /        0 )  0.00
        crit_msz         0  (        0 /        0 )  0.00
       crit_upsz         0  (        0 /        0 )  0.00
   plc_laf_lo_st         0  (        0 /        0 )  0.00
       plc_lo_st         0  (        0 /        0 )  0.00
       crit_swap         0  (        0 /        0 )  0.00
       mux2_swap         0  (        0 /        0 )  0.00
       crit_dnsz         0  (        0 /        0 )  0.00
       load_swap         0  (        0 /        0 )  0.00
            fopt         0  (        0 /        0 )  0.00
        setup_dn         0  (        0 /        0 )  0.00
       load_isol         0  (        0 /        0 )  0.00
       load_isol         0  (        0 /        0 )  0.00
        move_for         0  (        0 /        0 )  0.00
        move_for         0  (        0 /        0 )  0.00
          rem_bi         0  (        0 /        0 )  0.00
         offload         0  (        0 /        0 )  0.00
          rem_bi         0  (        0 /        0 )  0.00
         offload         0  (        0 /        0 )  0.00
       merge_bit         0  (        0 /        0 )  0.00
     merge_idrvr         0  (        0 /        0 )  0.00
     merge_iload         0  (        0 /        0 )  0.00
    merge_idload         0  (        0 /        0 )  0.00
      merge_drvr         0  (        0 /        0 )  0.00
      merge_load         0  (        0 /        0 )  0.00
           phase         0  (        0 /        0 )  0.00
          decomp         0  (        0 /        0 )  0.00
        p_decomp         0  (        0 /        0 )  0.00
        levelize         0  (        0 /        0 )  0.00
        mb_split         0  (        0 /        0 )  0.00
             dup         0  (        0 /        0 )  0.00
      mux_retime         0  (        0 /        0 )  0.00
       crr_local         0  (        0 /        0 )  0.00
         buf2inv         0  (        0 /        0 )  0.00

 init_area                 29298        0         0         0        0
 rem_buf                   29106        0         0         0        0
 rem_inv                   29089        0         0         0        0
 merge_bi                  28991        0         0         0        0
 merge_bi                  28981        0         0         0        0
 io_phase                  28976        0         0         0        0
 gate_comp                 28797        0         0         0        0
 gcomp_mog                 28588        0         0         0        0
 glob_area                 28579        0         0         0        0
 area_down                 28570        0         0         0        0
 rem_inv                   28569        0         0         0        0

           Trick     Calls     Accepts   Attempts    Time(secs) 
-----------------------------------------------------------
           undup         0  (        0 /        0 )  0.01
         rem_buf       110  (       74 /       74 )  0.46
         rem_inv        20  (       10 /       10 )  0.08
        merge_bi        52  (       48 /       48 )  0.32
      rem_inv_qb        46  (        0 /        0 )  0.00
    seq_res_area        38  (        0 /        0 )  10.20
        io_phase         9  (        5 /        5 )  0.02
       gate_comp       157  (      124 /      126 )  0.85
       gcomp_mog        78  (       49 /       49 )  0.53
       glob_area        57  (       24 /       57 )  0.15
       area_down        43  (       11 /       11 )  0.28
      size_n_buf         0  (        0 /        0 )  0.02
  gate_deco_area         0  (        0 /        0 )  0.00
         rem_buf         8  (        0 /        0 )  0.01
         rem_inv         4  (        1 /        1 )  0.01
        merge_bi         4  (        0 /        0 )  0.02
      rem_inv_qb        45  (        0 /        0 )  0.00

 
Incremental optimization status
===============================
                                   Group   
                                  Tot Wrst     Total - - DRC Totals - -
                           Total  Weighted      Neg      Max       Max 
Operation                   Area   Slacks      Slack    Trans      Cap 
 init_delay                28569        0         0         0        0

           Trick     Calls     Accepts   Attempts    Time(secs) 
-----------------------------------------------------------
         crr_220         0  (        0 /        0 )  0.00
        crr_glob         0  (        0 /        0 )  0.00
         crr_200         0  (        0 /        0 )  0.00
        crr_glob         0  (        0 /        0 )  0.00
         crr_300         0  (        0 /        0 )  0.00
        crr_glob         0  (        0 /        0 )  0.00
         crr_400         0  (        0 /        0 )  0.00
        crr_glob         0  (        0 /        0 )  0.00
         crr_111         0  (        0 /        0 )  0.00
        crr_glob         0  (        0 /        0 )  0.00
         crr_210         0  (        0 /        0 )  0.00
        crr_glob         0  (        0 /        0 )  0.00
         crr_110         0  (        0 /        0 )  0.00
        crr_glob         0  (        0 /        0 )  0.00
         crr_101         0  (        0 /        0 )  0.00
        crr_glob         0  (        0 /        0 )  0.00
         crr_201         0  (        0 /        0 )  0.00
        crr_glob         0  (        0 /        0 )  0.00
         crr_211         0  (        0 /        0 )  0.00
        crr_glob         0  (        0 /        0 )  0.00
        crit_msz         0  (        0 /        0 )  0.00
       crit_upsz         0  (        0 /        0 )  0.00
       crit_slew         0  (        0 /        0 )  0.00
        setup_dn         0  (        0 /        0 )  0.00
    plc_bal_star         0  (        0 /        0 )  0.00
     drc_buftimb         0  (        0 /        0 )  0.00
          plc_st         0  (        0 /        0 )  0.00
    plc_st_fence         0  (        0 /        0 )  0.00
        plc_star         0  (        0 /        0 )  0.00
      plc_laf_st         0  (        0 /        0 )  0.00
 plc_laf_st_fence         0  (        0 /        0 )  0.00
     drc_buftims         0  (        0 /        0 )  0.00
       plc_lo_st         0  (        0 /        0 )  0.00
            fopt         0  (        0 /        0 )  0.00
       crit_swap         0  (        0 /        0 )  0.00
       mux2_swap         0  (        0 /        0 )  0.00
       crit_dnsz         0  (        0 /        0 )  0.00
       load_swap         0  (        0 /        0 )  0.00
            fopt         0  (        0 /        0 )  0.00
        setup_dn         0  (        0 /        0 )  0.00
       load_isol         0  (        0 /        0 )  0.00
       load_isol         0  (        0 /        0 )  0.00
        move_for         0  (        0 /        0 )  0.00
        move_for         0  (        0 /        0 )  0.00
          rem_bi         0  (        0 /        0 )  0.00
         offload         0  (        0 /        0 )  0.00
          rem_bi         0  (        0 /        0 )  0.00
         offload         0  (        0 /        0 )  0.00
       merge_bit         0  (        0 /        0 )  0.00
     merge_idrvr         0  (        0 /        0 )  0.00
     merge_iload         0  (        0 /        0 )  0.00
    merge_idload         0  (        0 /        0 )  0.00
      merge_drvr         0  (        0 /        0 )  0.00
      merge_load         0  (        0 /        0 )  0.00
           phase         0  (        0 /        0 )  0.00
          decomp         0  (        0 /        0 )  0.00
        p_decomp         0  (        0 /        0 )  0.00
        levelize         0  (        0 /        0 )  0.00
        mb_split         0  (        0 /        0 )  0.00
        in_phase         0  (        0 /        0 )  0.00
             dup         0  (        0 /        0 )  0.00
      mux_retime         0  (        0 /        0 )  0.00
         buf2inv         0  (        0 /        0 )  0.00
             exp         0  (        0 /        0 )  0.00
       gate_deco         0  (        0 /        0 )  0.00
       gcomp_tim         0  (        0 /        0 )  0.00
  inv_pair_2_buf         0  (        0 /        0 )  0.00
 init_drc                  28569        0         0         0        0

           Trick     Calls     Accepts   Attempts    Time(secs) 
-----------------------------------------------------------
          plc_st         0  (        0 /        0 )  0.00
        plc_star         0  (        0 /        0 )  0.00
        drc_bufs         0  (        0 /        0 )  0.00
        drc_fopt         0  (        0 /        0 )  0.00
        drc_bufb         0  (        0 /        0 )  0.00
      simple_buf         0  (        0 /        0 )  0.00
             dup         0  (        0 /        0 )  0.00
       crit_dnsz         0  (        0 /        0 )  0.00
       crit_upsz         0  (        0 /        0 )  0.00
       crit_slew         0  (        0 /        0 )  0.00


           Trick     Calls     Accepts   Attempts    Time(secs) 
-----------------------------------------------------------
          plc_st         0  (        0 /        0 )  0.00
        plc_star         0  (        0 /        0 )  0.00
        drc_bufs         0  (        0 /        0 )  0.00
        drc_fopt         0  (        0 /        0 )  0.00
        drc_bufb         0  (        0 /        0 )  0.00
      simple_buf         0  (        0 /        0 )  0.00
             dup         0  (        0 /        0 )  0.00
       crit_dnsz         0  (        0 /        0 )  0.00
       crit_upsz         0  (        0 /        0 )  0.00


           Trick     Calls     Accepts   Attempts    Time(secs) 
-----------------------------------------------------------
          plc_st         0  (        0 /        0 )  0.00
        plc_star         0  (        0 /        0 )  0.00
        drc_bufs         0  (        0 /        0 )  0.00
        drc_fopt         0  (        0 /        0 )  0.00
        drc_bufb         0  (        0 /        0 )  0.00
             dup         0  (        0 /        0 )  0.00
       crit_dnsz         0  (        0 /        0 )  0.00
       crit_upsz         0  (        0 /        0 )  0.00

 init_tns                  28569        0         0         0        0

           Trick     Calls     Accepts   Attempts    Time(secs) 
-----------------------------------------------------------
            fopt         0  (        0 /        0 )  0.00
    plc_bal_star         0  (        0 /        0 )  0.00
     drc_buftimb         0  (        0 /        0 )  0.00
     drc_buftims         0  (        0 /        0 )  0.00
        crit_msz         0  (        0 /        0 )  0.00
       crit_upsz         0  (        0 /        0 )  0.00
   plc_laf_lo_st         0  (        0 /        0 )  0.00
       plc_lo_st         0  (        0 /        0 )  0.00
       crit_swap         0  (        0 /        0 )  0.00
       mux2_swap         0  (        0 /        0 )  0.00
       crit_dnsz         0  (        0 /        0 )  0.00
       load_swap         0  (        0 /        0 )  0.00
            fopt         0  (        0 /        0 )  0.00
        setup_dn         0  (        0 /        0 )  0.00
       load_isol         0  (        0 /        0 )  0.00
       load_isol         0  (        0 /        0 )  0.00
        move_for         0  (        0 /        0 )  0.00
        move_for         0  (        0 /        0 )  0.00
          rem_bi         0  (        0 /        0 )  0.00
         offload         0  (        0 /        0 )  0.00
          rem_bi         0  (        0 /        0 )  0.00
         offload         0  (        0 /        0 )  0.00
       merge_bit         0  (        0 /        0 )  0.00
     merge_idrvr         0  (        0 /        0 )  0.00
     merge_iload         0  (        0 /        0 )  0.00
    merge_idload         0  (        0 /        0 )  0.00
      merge_drvr         0  (        0 /        0 )  0.00
      merge_load         0  (        0 /        0 )  0.00
           phase         0  (        0 /        0 )  0.00
          decomp         0  (        0 /        0 )  0.00
        p_decomp         0  (        0 /        0 )  0.00
        levelize         0  (        0 /        0 )  0.00
        mb_split         0  (        0 /        0 )  0.00
             dup         0  (        0 /        0 )  0.00
      mux_retime         0  (        0 /        0 )  0.00
       crr_local         0  (        0 /        0 )  0.00
         buf2inv         0  (        0 /        0 )  0.00

 init_area                 28569        0         0         0        0
 undup                     28567        0         0         0        0
 io_phase                  28565        0         0         0        0
 gcomp_mog                 28560        0         0         0        0
 glob_area                 28559        0         0         0        0
 area_down                 28559        0         0         0        0

           Trick     Calls     Accepts   Attempts    Time(secs) 
-----------------------------------------------------------
           undup         1  (        1 /        1 )  0.05
         rem_buf         8  (        0 /        0 )  0.01
         rem_inv         3  (        0 /        0 )  0.01
        merge_bi         4  (        0 /        0 )  0.02
      rem_inv_qb        45  (        0 /        0 )  0.00
        io_phase         5  (        1 /        1 )  0.01
       gate_comp        31  (        0 /        1 )  0.52
       gcomp_mog        31  (        2 /        3 )  0.27
       glob_area        47  (        4 /       47 )  0.11
       area_down        41  (        2 /        3 )  0.17
      size_n_buf         0  (        0 /        0 )  0.02
  gate_deco_area         0  (        0 /        0 )  0.00

 
Incremental optimization status
===============================
                                   Group   
                                  Tot Wrst     Total - - DRC Totals - -
                           Total  Weighted      Neg      Max       Max 
Operation                   Area   Slacks      Slack    Trans      Cap 
 init_delay                28559        0         0         0        0

           Trick     Calls     Accepts   Attempts    Time(secs) 
-----------------------------------------------------------
        crit_msz         0  (        0 /        0 )  0.00
       crit_upsz         0  (        0 /        0 )  0.00
       crit_slew         0  (        0 /        0 )  0.00
        setup_dn         0  (        0 /        0 )  0.00
    plc_bal_star         0  (        0 /        0 )  0.00
     drc_buftimb         0  (        0 /        0 )  0.00
          plc_st         0  (        0 /        0 )  0.00
    plc_st_fence         0  (        0 /        0 )  0.00
        plc_star         0  (        0 /        0 )  0.00
      plc_laf_st         0  (        0 /        0 )  0.00
 plc_laf_st_fence         0  (        0 /        0 )  0.00
     drc_buftims         0  (        0 /        0 )  0.00
   plc_laf_lo_st         0  (        0 /        0 )  0.00
       plc_lo_st         0  (        0 /        0 )  0.00
            fopt         0  (        0 /        0 )  0.00
       crit_swap         0  (        0 /        0 )  0.00
       mux2_swap         0  (        0 /        0 )  0.00
       crit_dnsz         0  (        0 /        0 )  0.00
       load_swap         0  (        0 /        0 )  0.00
            fopt         0  (        0 /        0 )  0.00
        setup_dn         0  (        0 /        0 )  0.00
       load_isol         0  (        0 /        0 )  0.00
       load_isol         0  (        0 /        0 )  0.00
        move_for         0  (        0 /        0 )  0.00
        move_for         0  (        0 /        0 )  0.00
          rem_bi         0  (        0 /        0 )  0.00
         offload         0  (        0 /        0 )  0.00
          rem_bi         0  (        0 /        0 )  0.00
         offload         0  (        0 /        0 )  0.00
           phase         0  (        0 /        0 )  0.00
        in_phase         0  (        0 /        0 )  0.00
       merge_bit         0  (        0 /        0 )  0.00
     merge_idrvr         0  (        0 /        0 )  0.00
     merge_iload         0  (        0 /        0 )  0.00
    merge_idload         0  (        0 /        0 )  0.00
      merge_drvr         0  (        0 /        0 )  0.00
      merge_load         0  (        0 /        0 )  0.00
          decomp         0  (        0 /        0 )  0.00
        p_decomp         0  (        0 /        0 )  0.00
        levelize         0  (        0 /        0 )  0.00
        mb_split         0  (        0 /        0 )  0.00
             dup         0  (        0 /        0 )  0.00
      mux_retime         0  (        0 /        0 )  0.00
         buf2inv         0  (        0 /        0 )  0.00
             exp         0  (        0 /        0 )  0.00
       gate_deco         0  (        0 /        0 )  0.00
       gcomp_tim         0  (        0 /        0 )  0.00
  inv_pair_2_buf         0  (        0 /        0 )  0.00

 init_drc                  28559        0         0         0        0

           Trick     Calls     Accepts   Attempts    Time(secs) 
-----------------------------------------------------------
          plc_st         0  (        0 /        0 )  0.00
        plc_star         0  (        0 /        0 )  0.00
        drc_bufs         0  (        0 /        0 )  0.00
        drc_fopt         0  (        0 /        0 )  0.00
        drc_bufb         0  (        0 /        0 )  0.00
      simple_buf         0  (        0 /        0 )  0.00
             dup         0  (        0 /        0 )  0.00
       crit_dnsz         0  (        0 /        0 )  0.00
       crit_upsz         0  (        0 /        0 )  0.00
       crit_slew         0  (        0 /        0 )  0.00


           Trick     Calls     Accepts   Attempts    Time(secs) 
-----------------------------------------------------------
          plc_st         0  (        0 /        0 )  0.00
        plc_star         0  (        0 /        0 )  0.00
        drc_bufs         0  (        0 /        0 )  0.00
        drc_fopt         0  (        0 /        0 )  0.00
        drc_bufb         0  (        0 /        0 )  0.00
      simple_buf         0  (        0 /        0 )  0.00
             dup         0  (        0 /        0 )  0.00
       crit_dnsz         0  (        0 /        0 )  0.00
       crit_upsz         0  (        0 /        0 )  0.00


           Trick     Calls     Accepts   Attempts    Time(secs) 
-----------------------------------------------------------
          plc_st         0  (        0 /        0 )  0.00
        plc_star         0  (        0 /        0 )  0.00
        drc_bufs         0  (        0 /        0 )  0.00
        drc_fopt         0  (        0 /        0 )  0.00
        drc_bufb         0  (        0 /        0 )  0.00
             dup         0  (        0 /        0 )  0.00
       crit_dnsz         0  (        0 /        0 )  0.00
       crit_upsz         0  (        0 /        0 )  0.00

==================================
Stage : incr_opt 
==================================
  =================
   Message Summary
  =================
---------------------------------------------------------------------------------------------------------------------------------------------------
|   Id    |  Sev   |Count |                                                     Message Text                                                      |
---------------------------------------------------------------------------------------------------------------------------------------------------
| CFM-1   |Info    |    1 |Wrote dofile.                                                                                                          |
| CFM-5   |Info    |    1 |Wrote formal verification information.                                                                                 |
| CPI-506 |Warning |    1 |Command 'commit_power_intent' cannot proceed as there is no power intent loaded.                                       |
| GLO-51  |Info    |   11 |Hierarchical instance automatically ungrouped.                                                                         |
|         |        |      |Hierarchical instances can be automatically ungrouped to allow for better area or timing optimization. To prevent this |
|         |        |      | ungroup, set the root-level attribute 'auto_ungroup' to 'none'. You can also prevent individual ungroup with setting  |
|         |        |      | the attribute 'ungroup_ok' of instances or modules to 'false'.                                                        |
| LBR-155 |Info    |    2 |Mismatch in unateness between 'timing_sense' attribute and the function.                                               |
|         |        |      |The 'timing_sense' attribute will be respected.                                                                        |
| PA-7    |Info    |    4 |Resetting power analysis results.                                                                                      |
|         |        |      |All computed switching activities are removed.                                                                         |
| SYNTH-5 |Info    |    1 |Done mapping.                                                                                                          |
| SYNTH-7 |Info    |    1 |Incrementally optimizing.                                                                                              |
---------------------------------------------------------------------------------------------------------------------------------------------------
Info    : Done incrementally optimizing. [SYNTH-8]
        : Done incrementally optimizing 'sha256'.
      flow.cputime  flow.realtime  timing.setup.tns  timing.setup.wns  snapshot
UM:*                                                                   syn_opt
@file(genus.tcl) 28: write_hdl > $DESIGN.netlist.v
@file(genus.tcl) 30: report clocks > ./$DESIGN.clocks.rep
@file(genus.tcl) 31: report timing > ./$DESIGN.timing.rep
@file(genus.tcl) 32: report area   > ./$DESIGN.area.rep
@file(genus.tcl) 33: report gates  > ./$DESIGN.gates.rep
@file(genus.tcl) 34: report power  > ./$DESIGN.power.rep
Info    : Joules engine is used. [RPT-16]
        : Joules engine is being used for the command report_power.
Info   : ACTP-0001 [ACTPInfo] Activity propagation started for stim#0 netlist
       : sha256
Info   : ACTP-0009 [ACTPInfo] Activity Propagation Progress Report :   0%   1%   2%   3%   4%   5%   6%   7%   8%   9%  10%  11%  12%  13%  14%  15%  16%  17%  18%  19%  20%  21%  22%  23%  24%  25%  26%  27%  28%  29%  30%  31%  32%  33%  34%  35%  36%  37%  38%  39%  40%  41%  42%  43%  44%  45%  46%  47%  48%  49%  50%  51%  52%  53%  54%  55%  56%  57%  58%  59%  60%  61%  62%  63%  64%  65%  66%  67%  68%  69%  70%  71%  72%  73%  74%  75%  76%  77%  78%  79%  80%  81%  82%  83%  84%  85%  86%  87%  88%  89%  90%  91%  92%  93%  94%  95%  96%  97%  98%  99% 100%
Info   : ACTP-0001 Activity propagation ended for stim#0
Info   : PWRA-0001 [PwrInfo] compute_power effective options 
       : -mode : vectorless
       : -skip_propagation : 1
       : -frequency_scaling_factor : 1.0
       : -use_clock_freq : stim
       : -stim :/stim#0
       : -fromGenus : 1
Info   : ACTP-0001 Timing initialization started
Info   : ACTP-0001 Timing initialization ended
Info   : PWRA-0002 [PwrInfo] Skipping activity propagation due to -skip_ap
       : option....
Warning: PWRA-0302 [PwrWarn] Frequency scaling is not applicable for vectorless
       : flow. Ignoring frequency scaling.
Warning: PWRA-0304 [PwrWarn] -stim option is not applicable with vectorless mode
       : of power analysis, ignored this option.
Info   : PWRA-0002 Started 'vectorless' power computation.
Info   : PWRA-0009 [PwrInfo] Power Computation Progress Report :  11%  23%  40%  52%  64%  76%  88% 100%
Info   : PWRA-0002 Finished power computation.
Info   : PWRA-0007 [PwrInfo] Completed successfully.
       : Info=6, Warn=2, Error=0, Fatal=0
Output file: ./sha256.power.rep
#@ End verbose source ./genus.tcl
WARNING: This version of the tool is 1492 days old.
@genus:root: 2> ls
fv
genus.cmd
genus.log
genus.tcl
sha256.area.rep
sha256.clocks.rep
sha256.gates.rep
sha256.netlist.v
sha256.power.rep
sha256.timing.rep
@genus:root: 3> cat sha256.area.rep
1
@genus:root: 4> gedit sha256.area.rep
@genus:root: 5> gedit sha256.clock.rep
@genus:root: 6> gedit sha256.clocks.rep
@genus:root: 7> gedit sha256.timing.rep
@genus:root: 8> gedit sha256.power.rep
